sensor_id,timestamp,temperature,humidity,location,sensor_type
1004,2025-04-07T15:29:58.000Z,26.47,74.36,BuildingA_Floor2,TypeB
1013,2025-04-08T23:09:32.000Z,29.86,79.28,BuildingB_Floor1,TypeB
1016,2025-04-09T03:19:18.000Z,25.43,77.14,BuildingB_Floor1,TypeC
1038,2025-04-07T01:45:41.000Z,22.21,79.22,BuildingA_Floor2,TypeB
1099,2025-04-07T12:40:47.000Z,16.03,34.13,BuildingB_Floor1,TypeA
1062,2025-04-07T07:03:48.000Z,24.37,68.68,BuildingB_Floor1,TypeC
1024,2025-04-06T18:44:40.000Z,21.01,67.86,BuildingA_Floor1,TypeB
1039,2025-04-06T14:48:42.000Z,15.61,51.69,BuildingB_Floor2,TypeB
1092,2025-04-07T09:21:12.000Z,33.58,51.07,BuildingB_Floor1,TypeC
1001,2025-04-06T19:08:17.000Z,32.89,77.43,BuildingB_Floor2,TypeB
1041,2025-04-09T22:49:33.000Z,31.08,64.73,BuildingA_Floor1,TypeA
1076,2025-04-09T14:39:35.000Z,27.98,36.92,BuildingB_Floor1,TypeA
1003,2025-04-09T17:19:05.000Z,18.1,55.36,BuildingA_Floor1,TypeA
1099,2025-04-09T15:30:27.000Z,26.54,61.78,BuildingB_Floor1,TypeA
1032,2025-04-08T13:00:32.000Z,25.47,73.58,BuildingB_Floor1,TypeC
1084,2025-04-08T23:53:38.000Z,31.43,40.03,BuildingB_Floor2,TypeB
1078,2025-04-09T10:57:33.000Z,23.01,44.49,BuildingB_Floor2,TypeC
1041,2025-04-10T10:18:26.000Z,27.77,78.41,BuildingB_Floor1,TypeC
1074,2025-04-08T21:04:00.000Z,28.01,63.59,BuildingA_Floor2,TypeA
1090,2025-04-07T05:23:35.000Z,28.87,49.57,BuildingB_Floor2,TypeA
1011,2025-04-07T13:11:24.000Z,17.57,54.77,BuildingB_Floor1,TypeB
1024,2025-04-08T17:17:02.000Z,29.52,55.05,BuildingA_Floor2,TypeB
1006,2025-04-09T00:40:50.000Z,19.39,42.55,BuildingA_Floor1,TypeC
1016,2025-04-09T05:23:52.000Z,34.91,79.48,BuildingA_Floor2,TypeA
1092,2025-04-06T12:44:59.000Z,22.15,67.62,BuildingA_Floor2,TypeA
1021,2025-04-10T09:55:47.000Z,27.81,63.77,BuildingA_Floor1,TypeC
1084,2025-04-06T05:52:03.000Z,20.67,44.79,BuildingA_Floor1,TypeA
1052,2025-04-08T06:35:19.000Z,18.49,65.38,BuildingB_Floor2,TypeC
1080,2025-04-08T08:58:13.000Z,29.48,53.99,BuildingB_Floor1,TypeC
1088,2025-04-05T22:04:33.000Z,15.45,66.11,BuildingA_Floor2,TypeB
1033,2025-04-08T07:44:44.000Z,31.85,48.88,BuildingA_Floor2,TypeA
1041,2025-04-09T18:26:28.000Z,27.73,75.12,BuildingB_Floor2,TypeC
1042,2025-04-07T03:00:33.000Z,27.95,68.03,BuildingB_Floor1,TypeC
1048,2025-04-07T17:03:12.000Z,32.45,59.89,BuildingA_Floor1,TypeC
1005,2025-04-08T20:31:25.000Z,24.54,48.44,BuildingA_Floor1,TypeA
1051,2025-04-06T03:44:43.000Z,31.73,48.53,BuildingB_Floor2,TypeB
1060,2025-04-07T20:21:18.000Z,20.78,33.29,BuildingA_Floor1,TypeA
1066,2025-04-07T09:31:31.000Z,16.69,33.57,BuildingB_Floor1,TypeC
1090,2025-04-06T13:03:40.000Z,16.46,35.87,BuildingB_Floor2,TypeC
1018,2025-04-10T08:34:28.000Z,19.66,46.51,BuildingA_Floor1,TypeC
1030,2025-04-05T18:50:18.000Z,22.3,54.95,BuildingA_Floor1,TypeB
1079,2025-04-07T13:20:30.000Z,28.79,55.4,BuildingA_Floor2,TypeA
1003,2025-04-10T03:41:12.000Z,33.52,39.19,BuildingA_Floor1,TypeA
1000,2025-04-05T17:05:37.000Z,20.58,44.07,BuildingA_Floor2,TypeA
1041,2025-04-09T17:58:01.000Z,24.33,38.08,BuildingB_Floor1,TypeA
1091,2025-04-10T08:32:44.000Z,16.0,30.3,BuildingA_Floor1,TypeB
1017,2025-04-05T19:21:57.000Z,20.85,62.02,BuildingB_Floor2,TypeA
1024,2025-04-10T04:41:53.000Z,31.04,40.09,BuildingA_Floor2,TypeC
1026,2025-04-06T20:43:18.000Z,32.17,48.11,BuildingB_Floor2,TypeB
1062,2025-04-10T00:57:38.000Z,19.13,71.31,BuildingB_Floor1,TypeA
1029,2025-04-09T18:22:52.000Z,18.25,69.85,BuildingB_Floor2,TypeC
1021,2025-04-07T22:19:31.000Z,31.95,73.57,BuildingA_Floor1,TypeB
1090,2025-04-05T15:19:05.000Z,28.94,38.47,BuildingA_Floor1,TypeA
1000,2025-04-09T15:30:31.000Z,28.1,35.06,BuildingA_Floor2,TypeC
1063,2025-04-09T02:31:12.000Z,15.53,31.95,BuildingA_Floor1,TypeB
1091,2025-04-10T09:33:55.000Z,20.95,51.33,BuildingB_Floor1,TypeB
1048,2025-04-09T23:56:10.000Z,25.23,40.74,BuildingA_Floor2,TypeC
1087,2025-04-09T23:08:46.000Z,26.19,43.2,BuildingB_Floor2,TypeB
1036,2025-04-05T20:01:29.000Z,31.06,38.93,BuildingB_Floor2,TypeB
1031,2025-04-10T00:08:54.000Z,18.65,52.13,BuildingA_Floor2,TypeC
1077,2025-04-10T03:15:12.000Z,25.78,47.11,BuildingA_Floor1,TypeC
1091,2025-04-06T16:36:41.000Z,24.94,72.62,BuildingA_Floor2,TypeC
1075,2025-04-10T01:18:30.000Z,23.48,66.09,BuildingA_Floor2,TypeC
1062,2025-04-06T02:08:39.000Z,19.16,68.85,BuildingA_Floor1,TypeA
1057,2025-04-06T04:54:06.000Z,19.18,44.6,BuildingB_Floor1,TypeC
1037,2025-04-07T20:50:53.000Z,27.39,40.05,BuildingA_Floor2,TypeB
1039,2025-04-10T03:23:18.000Z,30.49,71.69,BuildingA_Floor1,TypeB
1063,2025-04-09T05:20:31.000Z,27.56,30.56,BuildingA_Floor2,TypeB
1010,2025-04-09T08:36:13.000Z,33.11,54.57,BuildingB_Floor2,TypeC
1063,2025-04-10T05:33:27.000Z,23.4,42.94,BuildingA_Floor1,TypeB
1019,2025-04-08T04:30:14.000Z,18.91,43.55,BuildingB_Floor1,TypeA
1050,2025-04-07T16:55:47.000Z,30.05,43.95,BuildingA_Floor1,TypeA
1097,2025-04-09T14:19:30.000Z,15.22,65.41,BuildingA_Floor2,TypeB
1097,2025-04-08T14:45:31.000Z,19.82,46.52,BuildingA_Floor1,TypeC
1033,2025-04-10T03:58:40.000Z,34.05,45.01,BuildingB_Floor1,TypeC
1017,2025-04-09T12:40:18.000Z,33.94,45.71,BuildingA_Floor1,TypeB
1077,2025-04-09T08:11:13.000Z,32.71,57.73,BuildingB_Floor2,TypeA
1008,2025-04-07T06:34:02.000Z,27.33,62.85,BuildingA_Floor2,TypeA
1018,2025-04-07T01:13:03.000Z,26.83,70.93,BuildingB_Floor1,TypeC
1016,2025-04-08T07:18:00.000Z,34.65,74.21,BuildingB_Floor2,TypeA
1092,2025-04-09T04:39:09.000Z,23.97,64.47,BuildingA_Floor1,TypeC
1023,2025-04-09T15:18:50.000Z,30.87,56.23,BuildingB_Floor2,TypeA
1069,2025-04-06T02:30:01.000Z,24.63,63.45,BuildingB_Floor1,TypeC
1084,2025-04-10T02:16:15.000Z,34.84,45.34,BuildingB_Floor1,TypeA
1098,2025-04-07T03:26:37.000Z,18.01,62.78,BuildingA_Floor2,TypeA
1081,2025-04-08T03:53:49.000Z,18.85,49.25,BuildingA_Floor2,TypeB
1084,2025-04-08T09:54:04.000Z,32.61,79.36,BuildingA_Floor1,TypeC
1068,2025-04-06T23:43:09.000Z,29.52,58.1,BuildingB_Floor2,TypeA
1015,2025-04-10T13:52:08.000Z,20.13,69.78,BuildingA_Floor1,TypeB
1025,2025-04-07T12:01:50.000Z,15.58,65.18,BuildingB_Floor1,TypeA
1071,2025-04-07T17:04:01.000Z,30.21,50.28,BuildingB_Floor2,TypeC
1052,2025-04-06T10:22:14.000Z,16.81,77.95,BuildingB_Floor2,TypeC
1012,2025-04-08T19:58:00.000Z,15.78,77.49,BuildingB_Floor1,TypeA
1098,2025-04-10T08:23:52.000Z,34.16,79.74,BuildingA_Floor1,TypeC
1035,2025-04-08T16:57:51.000Z,27.13,46.82,BuildingA_Floor2,TypeA
1019,2025-04-08T01:06:35.000Z,23.31,58.11,BuildingA_Floor1,TypeC
1023,2025-04-06T01:59:11.000Z,26.97,47.94,BuildingA_Floor1,TypeC
1059,2025-04-07T14:49:25.000Z,34.78,59.36,BuildingA_Floor1,TypeA
1088,2025-04-10T02:04:46.000Z,23.83,71.39,BuildingA_Floor2,TypeC
1009,2025-04-10T13:21:33.000Z,16.92,33.97,BuildingA_Floor2,TypeA
1029,2025-04-08T23:30:27.000Z,34.72,34.87,BuildingB_Floor2,TypeB
1080,2025-04-10T00:01:29.000Z,17.01,68.67,BuildingA_Floor2,TypeA
1098,2025-04-06T13:31:52.000Z,25.24,68.03,BuildingA_Floor1,TypeC
1012,2025-04-10T04:37:37.000Z,18.87,69.09,BuildingB_Floor2,TypeB
1050,2025-04-08T09:07:37.000Z,21.58,79.73,BuildingB_Floor2,TypeB
1081,2025-04-07T01:57:36.000Z,18.26,79.23,BuildingB_Floor2,TypeB
1071,2025-04-07T14:53:30.000Z,22.34,56.28,BuildingB_Floor2,TypeA
1078,2025-04-07T06:05:07.000Z,15.37,48.35,BuildingB_Floor1,TypeA
1077,2025-04-07T05:43:43.000Z,27.69,40.87,BuildingA_Floor2,TypeC
1050,2025-04-09T17:39:23.000Z,19.8,59.93,BuildingA_Floor1,TypeA
1025,2025-04-08T09:21:04.000Z,31.52,77.33,BuildingA_Floor1,TypeC
1043,2025-04-07T13:07:06.000Z,16.23,58.19,BuildingA_Floor2,TypeC
1072,2025-04-06T09:28:57.000Z,31.52,34.64,BuildingA_Floor1,TypeA
1079,2025-04-07T07:39:41.000Z,17.76,74.1,BuildingB_Floor1,TypeB
1086,2025-04-07T06:41:24.000Z,29.89,57.76,BuildingA_Floor1,TypeB
1024,2025-04-06T01:39:50.000Z,21.23,74.31,BuildingA_Floor1,TypeC
1070,2025-04-08T06:23:34.000Z,33.54,46.65,BuildingB_Floor2,TypeB
1059,2025-04-09T23:31:05.000Z,32.37,40.84,BuildingB_Floor2,TypeA
1045,2025-04-07T10:13:53.000Z,34.56,71.7,BuildingA_Floor1,TypeB
1002,2025-04-08T10:59:32.000Z,17.85,34.13,BuildingA_Floor1,TypeA
1047,2025-04-09T18:02:49.000Z,24.75,45.88,BuildingA_Floor1,TypeA
1005,2025-04-06T20:07:42.000Z,32.58,60.17,BuildingB_Floor2,TypeC
1066,2025-04-09T11:26:14.000Z,23.17,66.2,BuildingA_Floor2,TypeC
1019,2025-04-06T08:17:47.000Z,32.97,48.67,BuildingB_Floor2,TypeA
1051,2025-04-07T18:43:50.000Z,27.45,43.23,BuildingB_Floor1,TypeB
1034,2025-04-07T08:24:03.000Z,26.66,48.76,BuildingB_Floor1,TypeA
1098,2025-04-07T12:32:01.000Z,29.3,51.99,BuildingA_Floor1,TypeA
1010,2025-04-09T07:27:33.000Z,31.31,62.67,BuildingB_Floor1,TypeA
1004,2025-04-05T15:20:13.000Z,23.81,73.9,BuildingB_Floor1,TypeC
1047,2025-04-09T16:19:09.000Z,34.41,51.55,BuildingA_Floor1,TypeB
1011,2025-04-10T04:57:19.000Z,20.98,35.44,BuildingA_Floor2,TypeA
1015,2025-04-06T16:35:48.000Z,29.57,41.85,BuildingB_Floor1,TypeA
1077,2025-04-06T00:51:54.000Z,31.13,61.64,BuildingB_Floor2,TypeA
1008,2025-04-05T15:24:12.000Z,28.97,34.4,BuildingA_Floor1,TypeA
1079,2025-04-10T06:51:07.000Z,20.39,50.51,BuildingA_Floor1,TypeC
1022,2025-04-09T09:09:24.000Z,15.54,42.49,BuildingB_Floor2,TypeA
1003,2025-04-05T21:53:31.000Z,24.59,66.02,BuildingB_Floor1,TypeA
1076,2025-04-06T05:12:07.000Z,22.61,77.19,BuildingA_Floor2,TypeA
1100,2025-04-08T05:07:46.000Z,29.31,56.99,BuildingA_Floor1,TypeB
1000,2025-04-06T00:48:00.000Z,23.98,74.79,BuildingB_Floor2,TypeC
1068,2025-04-09T10:46:04.000Z,33.44,32.89,BuildingB_Floor2,TypeB
1074,2025-04-07T04:10:05.000Z,20.85,43.22,BuildingB_Floor2,TypeC
1056,2025-04-07T04:13:13.000Z,29.71,34.64,BuildingA_Floor2,TypeB
1088,2025-04-08T06:57:59.000Z,26.49,46.55,BuildingB_Floor1,TypeB
1020,2025-04-08T16:09:18.000Z,34.4,58.24,BuildingA_Floor2,TypeB
1054,2025-04-07T04:15:22.000Z,26.84,48.02,BuildingA_Floor2,TypeC
1066,2025-04-05T17:12:15.000Z,30.37,69.54,BuildingA_Floor2,TypeA
1004,2025-04-07T06:37:08.000Z,17.59,71.69,BuildingA_Floor2,TypeC
1079,2025-04-06T18:00:13.000Z,20.7,71.18,BuildingA_Floor1,TypeA
1068,2025-04-10T08:41:22.000Z,22.53,66.98,BuildingA_Floor2,TypeC
1031,2025-04-07T14:58:32.000Z,17.47,40.53,BuildingA_Floor1,TypeC
1056,2025-04-08T07:12:28.000Z,31.84,50.39,BuildingA_Floor2,TypeC
1003,2025-04-06T02:04:39.000Z,23.07,31.61,BuildingB_Floor1,TypeA
1027,2025-04-07T13:42:32.000Z,19.62,41.33,BuildingA_Floor2,TypeB
1057,2025-04-05T20:18:21.000Z,21.0,53.4,BuildingB_Floor2,TypeC
1073,2025-04-07T05:16:46.000Z,16.65,41.25,BuildingB_Floor2,TypeC
1061,2025-04-06T03:04:15.000Z,17.65,49.26,BuildingB_Floor2,TypeA
1031,2025-04-07T17:19:55.000Z,18.77,36.19,BuildingA_Floor1,TypeC
1021,2025-04-05T17:44:54.000Z,28.61,69.76,BuildingA_Floor1,TypeC
1063,2025-04-07T08:28:48.000Z,26.47,50.29,BuildingA_Floor2,TypeC
1082,2025-04-08T01:58:14.000Z,30.17,68.46,BuildingA_Floor2,TypeB
1002,2025-04-09T03:17:07.000Z,30.59,47.63,BuildingA_Floor2,TypeA
1098,2025-04-07T14:29:59.000Z,31.49,47.04,BuildingB_Floor1,TypeC
1040,2025-04-09T00:52:18.000Z,27.09,37.59,BuildingB_Floor1,TypeB
1019,2025-04-06T07:48:16.000Z,30.7,74.97,BuildingA_Floor1,TypeC
1027,2025-04-06T00:32:49.000Z,29.67,39.08,BuildingA_Floor1,TypeA
1075,2025-04-08T12:49:36.000Z,27.03,68.27,BuildingA_Floor1,TypeA
1039,2025-04-09T16:31:40.000Z,32.71,65.77,BuildingB_Floor1,TypeC
1082,2025-04-06T11:32:39.000Z,34.36,60.74,BuildingB_Floor1,TypeC
1049,2025-04-08T23:22:28.000Z,20.55,50.08,BuildingA_Floor2,TypeB
1056,2025-04-07T16:04:05.000Z,19.78,75.9,BuildingA_Floor2,TypeB
1043,2025-04-07T08:45:30.000Z,17.77,39.05,BuildingA_Floor2,TypeC
1040,2025-04-06T23:52:20.000Z,16.97,37.9,BuildingA_Floor2,TypeC
1042,2025-04-06T00:00:04.000Z,19.12,64.56,BuildingA_Floor2,TypeA
1030,2025-04-06T14:33:44.000Z,22.99,57.46,BuildingA_Floor1,TypeA
1008,2025-04-09T14:16:48.000Z,22.06,40.06,BuildingA_Floor1,TypeB
1070,2025-04-06T20:58:57.000Z,33.06,57.86,BuildingA_Floor2,TypeC
1048,2025-04-06T19:30:05.000Z,31.42,48.62,BuildingB_Floor2,TypeB
1078,2025-04-10T04:45:40.000Z,26.0,33.46,BuildingB_Floor1,TypeB
1066,2025-04-06T07:51:43.000Z,26.71,73.49,BuildingA_Floor2,TypeC
1025,2025-04-09T02:06:50.000Z,17.41,65.76,BuildingA_Floor1,TypeC
1040,2025-04-05T16:48:28.000Z,20.7,43.72,BuildingB_Floor2,TypeA
1060,2025-04-07T09:15:31.000Z,17.33,79.4,BuildingA_Floor2,TypeC
1068,2025-04-08T20:30:59.000Z,22.73,79.94,BuildingA_Floor1,TypeA
1020,2025-04-06T22:29:11.000Z,19.94,63.04,BuildingB_Floor2,TypeC
1020,2025-04-06T12:33:10.000Z,33.19,56.22,BuildingB_Floor1,TypeB
1096,2025-04-06T04:48:52.000Z,22.97,73.66,BuildingA_Floor1,TypeA
1058,2025-04-08T20:14:50.000Z,15.82,49.48,BuildingB_Floor2,TypeC
1025,2025-04-07T04:24:06.000Z,16.86,74.31,BuildingA_Floor2,TypeC
1011,2025-04-09T14:55:14.000Z,23.79,58.24,BuildingB_Floor1,TypeB
1030,2025-04-08T02:41:24.000Z,34.81,40.15,BuildingB_Floor1,TypeA
1072,2025-04-10T11:30:47.000Z,30.14,56.53,BuildingB_Floor1,TypeB
1033,2025-04-07T15:21:01.000Z,25.58,35.81,BuildingA_Floor1,TypeC
1024,2025-04-08T22:33:38.000Z,27.77,59.45,BuildingB_Floor2,TypeC
1083,2025-04-10T13:26:25.000Z,27.02,35.53,BuildingB_Floor1,TypeA
1096,2025-04-09T23:10:16.000Z,32.17,45.26,BuildingA_Floor2,TypeB
1025,2025-04-09T13:35:08.000Z,20.33,44.11,BuildingB_Floor2,TypeC
1018,2025-04-09T07:04:05.000Z,32.85,62.66,BuildingB_Floor2,TypeA
1008,2025-04-08T12:07:25.000Z,19.84,42.17,BuildingB_Floor2,TypeB
1085,2025-04-09T17:53:47.000Z,24.27,63.71,BuildingA_Floor1,TypeA
1062,2025-04-07T22:08:34.000Z,33.41,46.24,BuildingA_Floor2,TypeB
1043,2025-04-08T17:03:47.000Z,30.66,49.3,BuildingB_Floor1,TypeB
1023,2025-04-06T04:54:55.000Z,22.5,49.18,BuildingB_Floor2,TypeB
1073,2025-04-07T17:32:08.000Z,33.21,62.33,BuildingB_Floor1,TypeC
1056,2025-04-09T17:51:08.000Z,32.69,41.43,BuildingB_Floor2,TypeA
1088,2025-04-09T16:25:14.000Z,18.92,67.68,BuildingB_Floor2,TypeB
1015,2025-04-06T21:30:53.000Z,34.57,52.01,BuildingB_Floor1,TypeB
1026,2025-04-07T11:47:34.000Z,21.81,40.71,BuildingB_Floor2,TypeB
1081,2025-04-09T08:16:33.000Z,23.16,33.35,BuildingA_Floor1,TypeB
1035,2025-04-09T22:38:03.000Z,19.06,62.07,BuildingA_Floor1,TypeB
1088,2025-04-09T12:28:58.000Z,25.82,72.98,BuildingA_Floor1,TypeA
1052,2025-04-10T03:36:11.000Z,23.73,61.17,BuildingB_Floor2,TypeB
1019,2025-04-06T04:35:58.000Z,26.31,32.14,BuildingB_Floor1,TypeA
1017,2025-04-08T06:47:06.000Z,30.94,32.3,BuildingA_Floor1,TypeC
1008,2025-04-07T19:29:26.000Z,21.66,63.76,BuildingB_Floor1,TypeB
1031,2025-04-05T19:43:31.000Z,24.52,32.98,BuildingB_Floor2,TypeA
1017,2025-04-07T04:31:41.000Z,29.5,48.74,BuildingA_Floor2,TypeC
1099,2025-04-07T01:22:44.000Z,17.76,60.6,BuildingA_Floor1,TypeC
1019,2025-04-05T15:05:46.000Z,26.82,63.9,BuildingA_Floor2,TypeC
1086,2025-04-07T22:41:57.000Z,33.85,77.22,BuildingB_Floor1,TypeA
1076,2025-04-06T20:02:33.000Z,18.69,31.86,BuildingA_Floor2,TypeC
1020,2025-04-10T07:06:48.000Z,34.49,54.86,BuildingA_Floor2,TypeC
1046,2025-04-06T16:48:18.000Z,26.44,55.93,BuildingA_Floor2,TypeA
1068,2025-04-09T15:14:25.000Z,32.32,46.88,BuildingB_Floor2,TypeB
1076,2025-04-10T09:12:38.000Z,29.97,50.11,BuildingA_Floor2,TypeC
1071,2025-04-07T18:21:30.000Z,20.55,62.74,BuildingB_Floor1,TypeA
1002,2025-04-07T15:48:01.000Z,28.55,75.44,BuildingB_Floor2,TypeC
1067,2025-04-07T15:17:01.000Z,30.91,62.68,BuildingA_Floor1,TypeA
1074,2025-04-09T02:47:05.000Z,16.69,67.12,BuildingB_Floor1,TypeA
1072,2025-04-06T18:13:16.000Z,15.42,31.1,BuildingA_Floor1,TypeA
1021,2025-04-06T06:14:46.000Z,22.65,39.62,BuildingB_Floor1,TypeA
1098,2025-04-06T19:30:25.000Z,28.9,50.96,BuildingB_Floor2,TypeB
1025,2025-04-07T21:14:41.000Z,29.65,54.48,BuildingA_Floor2,TypeC
1002,2025-04-09T23:36:50.000Z,19.67,56.18,BuildingB_Floor1,TypeB
1088,2025-04-06T12:17:47.000Z,32.27,35.91,BuildingB_Floor1,TypeC
1039,2025-04-09T11:48:37.000Z,25.93,37.37,BuildingB_Floor1,TypeB
1096,2025-04-08T16:50:20.000Z,34.12,61.71,BuildingA_Floor2,TypeB
1052,2025-04-08T11:10:58.000Z,31.19,54.28,BuildingA_Floor1,TypeC
1034,2025-04-06T04:21:30.000Z,31.54,74.24,BuildingB_Floor1,TypeC
1022,2025-04-08T17:39:44.000Z,18.02,65.21,BuildingB_Floor1,TypeC
1064,2025-04-09T19:52:05.000Z,33.8,59.96,BuildingB_Floor2,TypeA
1066,2025-04-06T01:44:50.000Z,26.49,67.44,BuildingB_Floor1,TypeA
1073,2025-04-05T20:13:19.000Z,24.2,72.08,BuildingB_Floor1,TypeC
1007,2025-04-06T02:16:34.000Z,18.1,40.5,BuildingB_Floor2,TypeB
1042,2025-04-09T02:50:25.000Z,25.07,36.1,BuildingB_Floor2,TypeB
1018,2025-04-08T11:02:32.000Z,28.75,52.22,BuildingA_Floor2,TypeA
1008,2025-04-10T09:34:55.000Z,23.3,73.59,BuildingA_Floor1,TypeB
1088,2025-04-06T14:12:36.000Z,29.54,56.33,BuildingA_Floor2,TypeB
1080,2025-04-08T04:01:54.000Z,29.52,66.07,BuildingB_Floor1,TypeA
1098,2025-04-07T03:25:06.000Z,26.55,39.01,BuildingA_Floor1,TypeB
1076,2025-04-06T15:12:20.000Z,19.59,31.22,BuildingA_Floor1,TypeC
1025,2025-04-06T22:09:25.000Z,33.21,65.72,BuildingA_Floor2,TypeB
1097,2025-04-10T06:47:03.000Z,29.66,42.7,BuildingB_Floor1,TypeC
1040,2025-04-07T08:29:30.000Z,21.94,69.58,BuildingA_Floor2,TypeB
1077,2025-04-09T18:04:11.000Z,26.56,33.61,BuildingB_Floor1,TypeB
1050,2025-04-08T01:57:35.000Z,15.99,56.63,BuildingB_Floor1,TypeC
1067,2025-04-05T15:40:16.000Z,21.77,74.26,BuildingB_Floor2,TypeC
1093,2025-04-10T11:05:05.000Z,25.47,41.02,BuildingA_Floor2,TypeC
1007,2025-04-06T15:06:34.000Z,24.94,49.68,BuildingA_Floor1,TypeA
1038,2025-04-07T10:55:47.000Z,24.88,60.86,BuildingB_Floor2,TypeC
1007,2025-04-07T13:01:49.000Z,33.52,63.97,BuildingB_Floor1,TypeB
1013,2025-04-09T00:00:28.000Z,32.46,36.98,BuildingA_Floor1,TypeC
1004,2025-04-06T23:35:41.000Z,22.22,53.81,BuildingB_Floor1,TypeC
1000,2025-04-06T16:33:46.000Z,16.38,55.56,BuildingB_Floor2,TypeC
1096,2025-04-09T21:53:22.000Z,28.67,58.65,BuildingA_Floor1,TypeB
1009,2025-04-07T21:17:04.000Z,33.63,48.01,BuildingA_Floor1,TypeB
1074,2025-04-10T09:37:07.000Z,22.19,41.56,BuildingA_Floor1,TypeA
1039,2025-04-07T02:42:19.000Z,24.13,33.51,BuildingB_Floor1,TypeC
1088,2025-04-10T06:59:25.000Z,31.92,61.47,BuildingB_Floor1,TypeB
1010,2025-04-06T00:49:57.000Z,34.45,40.57,BuildingA_Floor2,TypeB
1086,2025-04-06T13:09:48.000Z,29.4,43.84,BuildingB_Floor1,TypeB
1050,2025-04-08T00:01:18.000Z,21.48,48.82,BuildingA_Floor1,TypeB
1099,2025-04-08T05:17:26.000Z,19.3,72.11,BuildingA_Floor2,TypeC
1067,2025-04-06T19:06:34.000Z,21.92,30.13,BuildingA_Floor1,TypeC
1082,2025-04-07T04:47:32.000Z,32.29,58.71,BuildingB_Floor2,TypeC
1045,2025-04-07T21:07:48.000Z,24.28,67.3,BuildingA_Floor1,TypeC
1078,2025-04-09T04:07:28.000Z,19.68,41.68,BuildingB_Floor1,TypeB
1090,2025-04-05T16:05:25.000Z,21.71,66.45,BuildingA_Floor2,TypeB
1043,2025-04-08T07:14:23.000Z,24.54,71.14,BuildingA_Floor1,TypeA
1000,2025-04-07T10:49:26.000Z,17.48,58.51,BuildingB_Floor2,TypeC
1033,2025-04-06T17:46:51.000Z,28.06,69.48,BuildingA_Floor2,TypeA
1065,2025-04-08T23:12:07.000Z,27.45,63.7,BuildingB_Floor1,TypeB
1048,2025-04-10T01:04:45.000Z,24.37,41.92,BuildingA_Floor1,TypeC
1068,2025-04-05T18:06:58.000Z,29.83,63.22,BuildingB_Floor2,TypeB
1043,2025-04-07T23:53:35.000Z,28.81,56.43,BuildingA_Floor2,TypeA
1019,2025-04-07T12:19:58.000Z,16.78,33.43,BuildingB_Floor1,TypeA
1044,2025-04-05T20:05:29.000Z,31.23,57.52,BuildingA_Floor2,TypeC
1069,2025-04-09T12:52:24.000Z,21.48,68.17,BuildingA_Floor1,TypeA
1042,2025-04-09T14:49:46.000Z,16.95,32.32,BuildingB_Floor1,TypeB
1029,2025-04-09T22:06:32.000Z,28.5,48.35,BuildingA_Floor1,TypeA
1074,2025-04-07T15:27:22.000Z,30.85,47.37,BuildingB_Floor1,TypeC
1001,2025-04-07T09:38:43.000Z,22.23,65.25,BuildingA_Floor2,TypeC
1029,2025-04-08T00:40:27.000Z,34.37,53.98,BuildingB_Floor2,TypeB
1006,2025-04-06T07:59:42.000Z,30.48,30.1,BuildingA_Floor1,TypeA
1072,2025-04-07T01:39:41.000Z,30.58,76.15,BuildingA_Floor2,TypeC
1054,2025-04-07T09:10:13.000Z,21.65,60.67,BuildingA_Floor1,TypeB
1053,2025-04-09T11:07:11.000Z,17.14,38.92,BuildingB_Floor2,TypeB
1002,2025-04-07T22:25:41.000Z,28.27,48.32,BuildingB_Floor1,TypeC
1005,2025-04-10T03:25:58.000Z,23.2,70.9,BuildingB_Floor1,TypeA
1051,2025-04-05T15:40:33.000Z,16.57,32.31,BuildingB_Floor2,TypeA
1032,2025-04-08T06:40:47.000Z,30.3,62.14,BuildingB_Floor2,TypeB
1048,2025-04-07T06:31:47.000Z,32.76,60.38,BuildingA_Floor1,TypeB
1071,2025-04-09T03:57:07.000Z,20.36,38.63,BuildingA_Floor1,TypeC
1068,2025-04-07T20:17:52.000Z,21.73,52.85,BuildingA_Floor2,TypeB
1013,2025-04-06T09:17:20.000Z,23.05,38.13,BuildingB_Floor2,TypeB
1095,2025-04-08T10:41:03.000Z,34.39,46.31,BuildingB_Floor1,TypeA
1013,2025-04-09T01:03:59.000Z,28.53,32.11,BuildingB_Floor1,TypeB
1001,2025-04-09T21:48:45.000Z,26.77,34.73,BuildingB_Floor2,TypeA
1065,2025-04-08T11:25:08.000Z,33.35,79.93,BuildingB_Floor2,TypeB
1062,2025-04-07T23:37:10.000Z,27.16,64.17,BuildingB_Floor1,TypeA
1045,2025-04-06T02:44:35.000Z,17.83,34.37,BuildingA_Floor2,TypeB
1048,2025-04-09T13:15:44.000Z,33.88,47.45,BuildingB_Floor2,TypeB
1021,2025-04-10T02:50:25.000Z,33.76,75.08,BuildingA_Floor1,TypeB
1095,2025-04-07T15:10:42.000Z,33.57,36.91,BuildingA_Floor2,TypeA
1075,2025-04-09T16:22:12.000Z,16.68,64.78,BuildingA_Floor1,TypeB
1046,2025-04-07T13:09:52.000Z,33.31,57.97,BuildingB_Floor1,TypeA
1062,2025-04-08T22:59:15.000Z,31.95,72.65,BuildingA_Floor2,TypeA
1099,2025-04-09T20:03:50.000Z,28.17,43.98,BuildingB_Floor2,TypeB
1087,2025-04-08T00:38:18.000Z,24.54,61.9,BuildingA_Floor2,TypeC
1057,2025-04-09T07:53:45.000Z,27.95,33.88,BuildingA_Floor1,TypeB
1072,2025-04-07T03:54:27.000Z,26.34,65.27,BuildingB_Floor2,TypeB
1038,2025-04-07T12:27:00.000Z,18.78,47.01,BuildingB_Floor2,TypeA
1057,2025-04-08T18:25:48.000Z,33.76,60.3,BuildingB_Floor1,TypeA
1086,2025-04-07T20:24:33.000Z,24.59,47.29,BuildingA_Floor1,TypeB
1027,2025-04-06T14:10:04.000Z,30.46,76.93,BuildingB_Floor1,TypeC
1056,2025-04-06T13:58:46.000Z,26.86,58.31,BuildingA_Floor2,TypeC
1002,2025-04-06T04:19:58.000Z,24.28,56.93,BuildingA_Floor1,TypeC
1040,2025-04-08T16:49:12.000Z,27.13,31.03,BuildingB_Floor2,TypeA
1031,2025-04-07T19:51:42.000Z,16.56,31.1,BuildingB_Floor2,TypeC
1046,2025-04-07T20:10:54.000Z,32.53,37.63,BuildingB_Floor2,TypeB
1087,2025-04-09T15:37:45.000Z,18.37,45.91,BuildingB_Floor1,TypeC
1094,2025-04-09T06:12:03.000Z,32.73,71.81,BuildingA_Floor2,TypeC
1061,2025-04-08T09:35:00.000Z,22.15,71.11,BuildingA_Floor1,TypeC
1042,2025-04-08T17:54:13.000Z,31.37,58.12,BuildingB_Floor1,TypeB
1060,2025-04-09T05:27:29.000Z,22.93,53.95,BuildingA_Floor1,TypeC
1030,2025-04-10T08:30:36.000Z,17.33,52.43,BuildingA_Floor2,TypeB
1014,2025-04-10T03:36:59.000Z,33.89,66.12,BuildingA_Floor2,TypeA
1003,2025-04-06T08:29:15.000Z,18.76,62.35,BuildingA_Floor1,TypeC
1085,2025-04-05T21:22:11.000Z,15.11,60.91,BuildingB_Floor1,TypeC
1079,2025-04-10T08:24:06.000Z,17.1,77.13,BuildingA_Floor1,TypeA
1077,2025-04-07T23:22:05.000Z,23.37,41.6,BuildingB_Floor1,TypeA
1006,2025-04-09T09:57:51.000Z,25.41,76.19,BuildingB_Floor2,TypeA
1093,2025-04-07T08:06:47.000Z,20.55,76.69,BuildingB_Floor1,TypeC
1091,2025-04-07T17:26:50.000Z,22.38,60.13,BuildingA_Floor2,TypeB
1010,2025-04-08T14:42:58.000Z,26.85,61.14,BuildingB_Floor1,TypeA
1078,2025-04-05T18:25:39.000Z,23.63,40.64,BuildingA_Floor1,TypeB
1037,2025-04-09T12:59:35.000Z,33.87,30.55,BuildingA_Floor2,TypeC
1085,2025-04-09T01:12:49.000Z,30.88,76.05,BuildingA_Floor2,TypeC
1021,2025-04-05T15:41:10.000Z,21.04,75.81,BuildingA_Floor2,TypeA
1070,2025-04-09T22:58:41.000Z,17.9,40.86,BuildingA_Floor2,TypeB
1058,2025-04-06T09:00:27.000Z,18.26,67.9,BuildingB_Floor1,TypeA
1097,2025-04-10T10:52:36.000Z,28.19,32.57,BuildingB_Floor1,TypeC
1033,2025-04-08T05:10:46.000Z,32.86,65.63,BuildingA_Floor2,TypeC
1002,2025-04-08T16:04:00.000Z,19.13,65.68,BuildingB_Floor1,TypeB
1066,2025-04-07T10:28:27.000Z,22.87,57.29,BuildingB_Floor1,TypeB
1098,2025-04-07T10:36:41.000Z,15.33,31.35,BuildingA_Floor2,TypeA
1009,2025-04-06T05:50:40.000Z,34.65,42.64,BuildingB_Floor2,TypeB
1015,2025-04-10T04:45:00.000Z,22.35,50.23,BuildingB_Floor2,TypeA
1036,2025-04-06T19:25:25.000Z,19.35,66.42,BuildingA_Floor2,TypeC
1044,2025-04-06T03:20:46.000Z,28.15,73.21,BuildingA_Floor1,TypeB
1089,2025-04-10T03:42:37.000Z,33.12,46.2,BuildingA_Floor1,TypeB
1063,2025-04-05T18:13:15.000Z,30.09,76.86,BuildingA_Floor2,TypeA
1090,2025-04-07T04:33:02.000Z,15.37,65.01,BuildingB_Floor1,TypeB
1048,2025-04-09T09:25:34.000Z,15.06,43.97,BuildingA_Floor2,TypeB
1081,2025-04-08T07:42:11.000Z,28.19,49.82,BuildingA_Floor1,TypeC
1014,2025-04-09T05:43:42.000Z,24.53,32.08,BuildingA_Floor1,TypeC
1092,2025-04-08T13:17:27.000Z,25.78,69.81,BuildingB_Floor1,TypeA
1032,2025-04-10T09:50:59.000Z,22.85,62.96,BuildingA_Floor2,TypeB
1023,2025-04-06T18:47:17.000Z,33.38,75.48,BuildingA_Floor2,TypeB
1033,2025-04-07T00:07:43.000Z,18.1,36.55,BuildingB_Floor2,TypeC
1088,2025-04-09T23:08:49.000Z,15.6,58.74,BuildingB_Floor1,TypeA
1098,2025-04-05T17:27:44.000Z,32.76,53.78,BuildingB_Floor1,TypeA
1048,2025-04-09T17:33:17.000Z,23.39,42.49,BuildingB_Floor1,TypeB
1092,2025-04-07T01:39:07.000Z,24.89,40.26,BuildingA_Floor2,TypeB
1000,2025-04-06T22:54:35.000Z,27.66,75.94,BuildingB_Floor2,TypeA
1008,2025-04-07T01:02:40.000Z,22.44,59.14,BuildingB_Floor2,TypeA
1050,2025-04-09T13:37:08.000Z,24.68,35.09,BuildingA_Floor1,TypeC
1003,2025-04-09T10:23:31.000Z,33.98,66.33,BuildingA_Floor2,TypeA
1018,2025-04-08T04:23:22.000Z,28.42,35.93,BuildingA_Floor1,TypeA
1049,2025-04-10T13:54:44.000Z,19.76,63.25,BuildingB_Floor2,TypeB
1046,2025-04-07T21:16:17.000Z,31.72,37.49,BuildingB_Floor2,TypeC
1015,2025-04-08T14:47:06.000Z,22.64,75.13,BuildingA_Floor2,TypeB
1081,2025-04-07T01:02:27.000Z,26.81,49.76,BuildingB_Floor1,TypeB
1094,2025-04-07T23:08:35.000Z,31.47,68.97,BuildingA_Floor2,TypeB
1021,2025-04-06T06:45:23.000Z,19.86,66.33,BuildingA_Floor2,TypeC
1079,2025-04-06T09:05:50.000Z,19.24,57.78,BuildingA_Floor1,TypeB
1018,2025-04-10T13:58:50.000Z,19.18,45.67,BuildingA_Floor1,TypeB
1073,2025-04-10T00:18:22.000Z,24.58,54.15,BuildingA_Floor1,TypeC
1028,2025-04-06T22:10:36.000Z,18.26,53.74,BuildingA_Floor2,TypeC
1002,2025-04-09T11:14:42.000Z,20.95,53.04,BuildingA_Floor1,TypeB
1055,2025-04-07T15:32:01.000Z,15.13,33.57,BuildingB_Floor2,TypeC
1062,2025-04-08T20:17:47.000Z,20.85,69.78,BuildingA_Floor2,TypeC
1064,2025-04-09T22:08:59.000Z,26.29,56.67,BuildingA_Floor2,TypeA
1022,2025-04-09T23:28:42.000Z,25.67,34.58,BuildingB_Floor1,TypeC
1023,2025-04-06T19:37:24.000Z,34.67,61.35,BuildingB_Floor2,TypeC
1074,2025-04-07T11:26:38.000Z,24.46,43.18,BuildingB_Floor1,TypeA
1098,2025-04-06T08:49:10.000Z,19.9,79.31,BuildingB_Floor2,TypeC
1075,2025-04-08T12:53:05.000Z,18.56,33.06,BuildingA_Floor2,TypeC
1007,2025-04-09T12:51:13.000Z,27.33,46.95,BuildingB_Floor2,TypeC
1069,2025-04-10T03:53:37.000Z,20.9,63.65,BuildingB_Floor1,TypeA
1031,2025-04-06T15:05:51.000Z,31.9,64.46,BuildingB_Floor1,TypeA
1031,2025-04-10T11:18:08.000Z,31.13,46.15,BuildingB_Floor1,TypeA
1098,2025-04-10T05:18:55.000Z,24.97,45.98,BuildingB_Floor1,TypeC
1074,2025-04-06T10:12:28.000Z,25.04,36.06,BuildingA_Floor1,TypeA
1068,2025-04-05T17:06:22.000Z,20.02,64.8,BuildingA_Floor1,TypeB
1062,2025-04-09T02:54:27.000Z,33.66,74.67,BuildingA_Floor1,TypeC
1015,2025-04-06T08:23:49.000Z,22.86,62.74,BuildingA_Floor1,TypeC
1093,2025-04-10T07:43:14.000Z,17.21,50.17,BuildingB_Floor1,TypeA
1084,2025-04-06T12:55:31.000Z,32.79,77.57,BuildingA_Floor1,TypeC
1008,2025-04-05T17:10:23.000Z,17.02,56.64,BuildingB_Floor1,TypeA
1090,2025-04-07T03:44:27.000Z,19.05,47.48,BuildingB_Floor2,TypeC
1088,2025-04-06T17:33:47.000Z,19.55,44.91,BuildingA_Floor2,TypeA
1027,2025-04-09T01:26:18.000Z,20.03,72.57,BuildingA_Floor1,TypeC
1041,2025-04-06T19:44:18.000Z,21.26,76.94,BuildingB_Floor2,TypeB
1070,2025-04-07T17:41:45.000Z,29.0,62.35,BuildingA_Floor2,TypeC
1016,2025-04-09T05:20:06.000Z,18.37,40.05,BuildingB_Floor2,TypeC
1019,2025-04-08T07:35:40.000Z,28.59,48.46,BuildingA_Floor1,TypeC
1019,2025-04-07T10:03:14.000Z,31.34,53.62,BuildingA_Floor1,TypeA
1076,2025-04-05T23:07:25.000Z,24.69,36.43,BuildingA_Floor2,TypeA
1002,2025-04-09T22:22:08.000Z,30.9,73.08,BuildingA_Floor1,TypeC
1056,2025-04-09T13:07:25.000Z,21.18,38.27,BuildingA_Floor2,TypeC
1037,2025-04-07T22:14:44.000Z,33.78,79.01,BuildingB_Floor2,TypeA
1007,2025-04-07T16:53:26.000Z,16.42,30.4,BuildingB_Floor1,TypeC
1065,2025-04-09T23:49:43.000Z,32.18,60.65,BuildingB_Floor1,TypeA
1043,2025-04-09T16:00:24.000Z,33.0,35.89,BuildingB_Floor2,TypeC
1087,2025-04-08T11:52:12.000Z,21.56,47.95,BuildingA_Floor1,TypeB
1054,2025-04-05T16:54:54.000Z,17.95,57.57,BuildingB_Floor2,TypeB
1088,2025-04-06T10:40:03.000Z,20.11,64.82,BuildingB_Floor2,TypeA
1083,2025-04-06T02:24:13.000Z,23.07,66.54,BuildingB_Floor1,TypeC
1093,2025-04-10T10:30:32.000Z,25.19,75.41,BuildingA_Floor1,TypeB
1073,2025-04-08T01:53:35.000Z,26.65,45.73,BuildingB_Floor1,TypeC
1006,2025-04-10T00:57:08.000Z,27.19,65.33,BuildingA_Floor1,TypeB
1041,2025-04-08T03:24:03.000Z,17.8,76.94,BuildingA_Floor2,TypeB
1054,2025-04-10T11:24:43.000Z,16.2,74.23,BuildingB_Floor1,TypeB
1045,2025-04-07T11:43:44.000Z,30.58,36.17,BuildingA_Floor1,TypeC
1015,2025-04-08T11:23:39.000Z,21.71,79.61,BuildingA_Floor1,TypeB
1013,2025-04-10T13:07:27.000Z,16.74,50.85,BuildingA_Floor2,TypeC
1033,2025-04-06T16:28:20.000Z,18.63,43.44,BuildingB_Floor1,TypeB
1075,2025-04-06T00:32:21.000Z,15.72,77.3,BuildingA_Floor1,TypeB
1090,2025-04-06T04:43:07.000Z,27.5,33.64,BuildingB_Floor2,TypeC
1071,2025-04-08T00:12:45.000Z,33.08,66.07,BuildingB_Floor2,TypeB
1087,2025-04-10T01:15:09.000Z,22.01,65.18,BuildingA_Floor1,TypeB
1020,2025-04-06T00:55:00.000Z,32.6,75.02,BuildingA_Floor2,TypeC
1073,2025-04-09T13:35:12.000Z,25.67,34.32,BuildingB_Floor2,TypeA
1075,2025-04-08T21:07:10.000Z,17.58,48.91,BuildingB_Floor2,TypeB
1004,2025-04-09T13:54:17.000Z,15.66,39.52,BuildingA_Floor1,TypeB
1055,2025-04-10T07:39:07.000Z,32.52,51.7,BuildingA_Floor1,TypeB
1069,2025-04-07T18:57:08.000Z,17.28,69.76,BuildingA_Floor1,TypeA
1012,2025-04-08T13:18:08.000Z,32.14,45.3,BuildingA_Floor1,TypeB
1082,2025-04-10T03:14:07.000Z,31.05,77.97,BuildingB_Floor1,TypeB
1047,2025-04-09T12:55:33.000Z,33.1,79.01,BuildingA_Floor1,TypeB
1037,2025-04-05T22:56:38.000Z,16.69,79.96,BuildingB_Floor2,TypeA
1057,2025-04-07T10:25:32.000Z,23.9,31.13,BuildingB_Floor2,TypeA
1075,2025-04-07T20:47:33.000Z,16.12,69.92,BuildingA_Floor2,TypeC
1083,2025-04-10T14:11:36.000Z,18.57,43.44,BuildingB_Floor1,TypeC
1053,2025-04-06T10:46:29.000Z,18.04,31.54,BuildingA_Floor1,TypeC
1100,2025-04-08T12:44:16.000Z,31.54,67.35,BuildingB_Floor2,TypeA
1054,2025-04-09T10:47:51.000Z,21.99,45.6,BuildingB_Floor1,TypeC
1077,2025-04-06T10:53:18.000Z,25.83,47.51,BuildingA_Floor1,TypeB
1052,2025-04-06T05:46:24.000Z,21.01,44.56,BuildingB_Floor2,TypeB
1083,2025-04-06T03:48:18.000Z,19.41,70.97,BuildingB_Floor1,TypeA
1061,2025-04-07T03:16:33.000Z,21.12,62.53,BuildingB_Floor2,TypeC
1023,2025-04-06T22:03:18.000Z,25.09,63.61,BuildingA_Floor1,TypeA
1072,2025-04-06T19:32:05.000Z,29.19,70.41,BuildingA_Floor2,TypeA
1071,2025-04-07T08:35:05.000Z,15.12,66.16,BuildingA_Floor2,TypeA
1099,2025-04-08T20:28:11.000Z,33.93,65.08,BuildingA_Floor1,TypeA
1070,2025-04-08T09:24:53.000Z,25.88,39.73,BuildingB_Floor2,TypeC
1000,2025-04-08T19:29:39.000Z,33.03,42.59,BuildingB_Floor1,TypeB
1091,2025-04-06T16:27:02.000Z,27.2,75.09,BuildingB_Floor1,TypeB
1002,2025-04-08T14:30:43.000Z,23.37,63.59,BuildingB_Floor2,TypeA
1041,2025-04-07T08:49:33.000Z,22.45,65.37,BuildingA_Floor1,TypeA
1016,2025-04-08T15:02:38.000Z,15.77,53.21,BuildingA_Floor1,TypeB
1004,2025-04-08T16:19:53.000Z,22.68,39.64,BuildingB_Floor2,TypeA
1004,2025-04-06T18:39:09.000Z,27.09,51.63,BuildingA_Floor2,TypeB
1049,2025-04-07T11:21:17.000Z,18.56,37.33,BuildingA_Floor2,TypeA
1014,2025-04-10T01:52:35.000Z,16.99,62.65,BuildingA_Floor1,TypeA
1033,2025-04-09T23:55:28.000Z,17.24,54.33,BuildingB_Floor2,TypeB
1064,2025-04-06T06:14:40.000Z,29.05,45.96,BuildingA_Floor1,TypeB
1013,2025-04-08T14:58:19.000Z,21.2,71.35,BuildingB_Floor1,TypeB
1021,2025-04-08T10:55:50.000Z,29.37,71.51,BuildingA_Floor1,TypeB
1073,2025-04-06T23:18:33.000Z,24.15,73.46,BuildingA_Floor2,TypeA
1093,2025-04-09T20:59:31.000Z,32.62,66.65,BuildingA_Floor2,TypeC
1059,2025-04-06T06:16:10.000Z,24.27,54.75,BuildingA_Floor2,TypeC
1077,2025-04-09T12:29:37.000Z,33.33,41.03,BuildingB_Floor2,TypeA
1051,2025-04-05T18:26:39.000Z,23.61,50.22,BuildingA_Floor2,TypeC
1084,2025-04-08T08:47:22.000Z,16.67,70.1,BuildingA_Floor1,TypeA
1074,2025-04-10T12:43:37.000Z,18.68,56.9,BuildingA_Floor2,TypeA
1024,2025-04-07T19:24:30.000Z,24.37,48.5,BuildingB_Floor1,TypeA
1000,2025-04-10T01:02:19.000Z,27.8,68.62,BuildingB_Floor2,TypeA
1068,2025-04-10T10:02:06.000Z,23.46,34.65,BuildingB_Floor2,TypeC
1065,2025-04-07T11:26:55.000Z,23.28,75.14,BuildingB_Floor2,TypeB
1062,2025-04-08T15:20:24.000Z,32.79,46.86,BuildingB_Floor2,TypeA
1042,2025-04-05T20:23:07.000Z,29.39,44.98,BuildingA_Floor1,TypeA
1099,2025-04-09T18:28:36.000Z,30.02,77.42,BuildingA_Floor1,TypeA
1056,2025-04-10T04:59:14.000Z,24.29,55.31,BuildingB_Floor2,TypeB
1069,2025-04-08T22:31:32.000Z,34.03,56.28,BuildingA_Floor1,TypeC
1029,2025-04-07T02:18:27.000Z,30.98,40.54,BuildingA_Floor2,TypeA
1079,2025-04-10T08:02:13.000Z,33.25,70.77,BuildingA_Floor1,TypeB
1027,2025-04-09T21:30:43.000Z,16.69,42.75,BuildingA_Floor2,TypeB
1022,2025-04-06T03:03:07.000Z,17.12,78.38,BuildingB_Floor1,TypeB
1095,2025-04-07T11:06:29.000Z,34.79,57.44,BuildingB_Floor2,TypeC
1064,2025-04-07T03:52:27.000Z,27.19,63.8,BuildingB_Floor1,TypeB
1094,2025-04-07T11:01:00.000Z,23.95,79.57,BuildingA_Floor1,TypeC
1065,2025-04-10T10:14:16.000Z,21.07,41.51,BuildingA_Floor1,TypeB
1006,2025-04-09T22:20:47.000Z,32.53,79.0,BuildingA_Floor2,TypeB
1086,2025-04-07T15:20:10.000Z,30.64,42.37,BuildingA_Floor1,TypeA
1040,2025-04-09T22:22:11.000Z,23.83,31.34,BuildingB_Floor1,TypeA
1067,2025-04-09T07:07:08.000Z,21.15,31.39,BuildingA_Floor2,TypeB
1078,2025-04-08T11:29:16.000Z,27.68,59.34,BuildingA_Floor1,TypeB
1062,2025-04-09T06:30:11.000Z,30.55,77.21,BuildingA_Floor1,TypeB
1052,2025-04-09T05:23:14.000Z,21.17,66.25,BuildingB_Floor1,TypeB
1035,2025-04-08T04:13:29.000Z,24.12,33.9,BuildingB_Floor1,TypeA
1099,2025-04-07T06:36:09.000Z,33.47,35.19,BuildingB_Floor1,TypeA
1080,2025-04-07T00:26:00.000Z,22.53,68.13,BuildingB_Floor2,TypeB
1007,2025-04-10T05:21:16.000Z,28.44,67.23,BuildingB_Floor2,TypeC
1055,2025-04-09T12:21:58.000Z,24.04,53.64,BuildingA_Floor2,TypeA
1099,2025-04-09T06:20:29.000Z,24.18,45.89,BuildingB_Floor2,TypeA
1050,2025-04-10T10:52:42.000Z,34.55,40.8,BuildingA_Floor1,TypeC
1085,2025-04-06T12:43:03.000Z,23.03,66.09,BuildingA_Floor1,TypeA
1098,2025-04-09T19:44:13.000Z,28.53,78.15,BuildingB_Floor1,TypeA
1013,2025-04-08T19:07:14.000Z,19.97,35.22,BuildingA_Floor2,TypeB
1062,2025-04-10T13:03:15.000Z,32.46,78.71,BuildingA_Floor1,TypeB
1052,2025-04-06T02:34:50.000Z,24.79,72.12,BuildingA_Floor1,TypeB
1006,2025-04-06T17:33:56.000Z,21.19,78.21,BuildingA_Floor1,TypeA
1084,2025-04-08T06:19:14.000Z,19.69,71.63,BuildingA_Floor2,TypeB
1036,2025-04-06T06:44:58.000Z,15.29,47.53,BuildingB_Floor1,TypeA
1026,2025-04-06T12:41:23.000Z,31.94,32.83,BuildingA_Floor1,TypeA
1027,2025-04-07T06:42:35.000Z,27.3,42.04,BuildingB_Floor1,TypeB
1026,2025-04-10T11:24:43.000Z,28.18,66.09,BuildingB_Floor2,TypeB
1052,2025-04-08T22:23:37.000Z,34.37,42.37,BuildingA_Floor2,TypeA
1099,2025-04-05T15:23:55.000Z,18.2,72.76,BuildingB_Floor1,TypeA
1079,2025-04-08T13:07:50.000Z,23.2,65.52,BuildingB_Floor2,TypeC
1033,2025-04-07T12:01:41.000Z,20.93,57.6,BuildingA_Floor2,TypeA
1025,2025-04-08T17:52:22.000Z,17.72,53.62,BuildingA_Floor1,TypeC
1082,2025-04-07T21:50:06.000Z,34.61,69.08,BuildingB_Floor1,TypeB
1025,2025-04-08T19:15:00.000Z,15.26,32.78,BuildingB_Floor1,TypeB
1051,2025-04-07T21:44:41.000Z,27.13,53.35,BuildingA_Floor2,TypeB
1008,2025-04-07T14:56:34.000Z,18.62,36.27,BuildingA_Floor1,TypeA
1006,2025-04-05T22:46:50.000Z,33.8,36.8,BuildingB_Floor2,TypeC
1042,2025-04-08T23:37:30.000Z,29.1,55.95,BuildingB_Floor1,TypeA
1010,2025-04-08T00:37:31.000Z,19.82,52.3,BuildingA_Floor2,TypeA
1051,2025-04-08T12:38:09.000Z,17.5,31.87,BuildingA_Floor1,TypeC
1016,2025-04-05T18:56:33.000Z,18.63,45.79,BuildingA_Floor1,TypeA
1043,2025-04-07T13:22:22.000Z,19.37,41.6,BuildingA_Floor2,TypeA
1039,2025-04-09T14:25:43.000Z,24.04,40.69,BuildingB_Floor1,TypeA
1050,2025-04-08T01:19:52.000Z,19.76,57.33,BuildingB_Floor1,TypeA
1021,2025-04-07T16:33:45.000Z,21.92,30.46,BuildingB_Floor1,TypeB
1005,2025-04-06T00:25:33.000Z,26.03,41.79,BuildingB_Floor1,TypeA
1065,2025-04-06T23:30:35.000Z,25.08,56.85,BuildingA_Floor1,TypeA
1010,2025-04-05T20:58:12.000Z,25.78,42.22,BuildingB_Floor2,TypeB
1027,2025-04-06T00:20:23.000Z,20.83,57.98,BuildingA_Floor2,TypeA
1020,2025-04-08T05:33:23.000Z,18.32,47.31,BuildingB_Floor2,TypeA
1097,2025-04-10T05:03:04.000Z,33.06,35.57,BuildingA_Floor1,TypeC
1050,2025-04-10T13:14:53.000Z,27.67,41.4,BuildingB_Floor2,TypeC
1025,2025-04-10T04:08:16.000Z,18.14,60.09,BuildingB_Floor2,TypeC
1021,2025-04-08T04:38:09.000Z,18.25,30.19,BuildingB_Floor1,TypeA
1020,2025-04-10T11:19:59.000Z,31.95,67.77,BuildingA_Floor2,TypeA
1010,2025-04-07T13:08:31.000Z,32.85,59.38,BuildingA_Floor1,TypeC
1082,2025-04-06T16:29:30.000Z,17.0,66.4,BuildingB_Floor2,TypeB
1035,2025-04-07T08:29:59.000Z,21.61,73.96,BuildingB_Floor1,TypeA
1082,2025-04-08T04:08:59.000Z,26.82,64.26,BuildingB_Floor2,TypeA
1081,2025-04-06T01:21:14.000Z,19.09,45.44,BuildingA_Floor2,TypeC
1057,2025-04-08T21:05:05.000Z,29.55,51.04,BuildingB_Floor1,TypeC
1074,2025-04-07T23:14:11.000Z,25.75,76.47,BuildingA_Floor2,TypeB
1016,2025-04-06T19:38:41.000Z,19.45,55.44,BuildingB_Floor2,TypeC
1046,2025-04-07T20:43:09.000Z,32.06,78.58,BuildingA_Floor2,TypeC
1024,2025-04-09T16:39:48.000Z,19.17,67.35,BuildingB_Floor1,TypeB
1024,2025-04-07T05:10:22.000Z,21.29,79.33,BuildingA_Floor2,TypeA
1030,2025-04-06T05:55:10.000Z,27.12,33.0,BuildingA_Floor1,TypeA
1008,2025-04-10T14:20:36.000Z,22.61,44.87,BuildingA_Floor1,TypeB
1039,2025-04-10T00:34:50.000Z,29.76,66.67,BuildingB_Floor2,TypeB
1011,2025-04-06T19:40:23.000Z,16.65,53.17,BuildingB_Floor2,TypeC
1041,2025-04-08T18:52:10.000Z,20.82,59.29,BuildingA_Floor1,TypeB
1049,2025-04-05T15:09:08.000Z,22.95,65.49,BuildingA_Floor1,TypeB
1085,2025-04-06T10:30:18.000Z,32.46,49.23,BuildingB_Floor2,TypeA
1088,2025-04-08T14:59:13.000Z,18.54,53.04,BuildingA_Floor1,TypeC
1071,2025-04-06T16:24:58.000Z,15.39,62.69,BuildingB_Floor2,TypeB
1100,2025-04-10T10:08:37.000Z,21.78,61.96,BuildingB_Floor1,TypeA
1070,2025-04-06T13:14:50.000Z,19.97,72.86,BuildingB_Floor2,TypeB
1090,2025-04-08T12:56:12.000Z,29.23,30.77,BuildingA_Floor2,TypeC
1079,2025-04-08T01:18:06.000Z,31.28,58.62,BuildingB_Floor1,TypeC
1057,2025-04-06T16:18:02.000Z,27.22,30.87,BuildingB_Floor2,TypeA
1014,2025-04-06T00:49:33.000Z,25.74,68.39,BuildingB_Floor2,TypeB
1097,2025-04-06T06:07:32.000Z,18.33,54.84,BuildingA_Floor1,TypeA
1030,2025-04-09T23:09:24.000Z,23.57,46.14,BuildingB_Floor2,TypeA
1070,2025-04-10T01:13:06.000Z,18.98,76.43,BuildingB_Floor2,TypeC
1026,2025-04-06T01:05:27.000Z,24.95,36.24,BuildingB_Floor1,TypeA
1019,2025-04-09T07:57:47.000Z,33.27,76.5,BuildingA_Floor1,TypeB
1005,2025-04-09T03:54:46.000Z,23.59,69.48,BuildingB_Floor1,TypeA
1081,2025-04-07T21:22:54.000Z,16.43,68.01,BuildingB_Floor2,TypeB
1027,2025-04-06T02:34:38.000Z,34.9,62.79,BuildingB_Floor1,TypeA
1058,2025-04-06T13:59:51.000Z,33.89,38.64,BuildingA_Floor1,TypeA
1080,2025-04-09T03:24:05.000Z,19.54,39.56,BuildingB_Floor2,TypeA
1061,2025-04-07T14:38:40.000Z,17.42,36.81,BuildingA_Floor1,TypeC
1079,2025-04-08T18:58:48.000Z,25.75,35.26,BuildingA_Floor1,TypeB
1033,2025-04-09T19:15:42.000Z,15.39,72.4,BuildingB_Floor2,TypeB
1043,2025-04-07T17:27:45.000Z,18.69,32.59,BuildingA_Floor2,TypeB
1098,2025-04-06T21:35:24.000Z,33.17,36.63,BuildingA_Floor1,TypeC
1093,2025-04-09T16:18:14.000Z,33.02,36.1,BuildingA_Floor2,TypeA
1061,2025-04-06T04:40:25.000Z,18.31,56.14,BuildingB_Floor1,TypeB
1017,2025-04-05T16:31:21.000Z,29.79,35.0,BuildingB_Floor2,TypeA
1007,2025-04-06T15:46:25.000Z,17.62,55.1,BuildingB_Floor1,TypeA
1001,2025-04-05T20:12:08.000Z,17.01,72.8,BuildingB_Floor2,TypeB
1015,2025-04-09T00:07:58.000Z,29.74,48.36,BuildingB_Floor2,TypeC
1005,2025-04-07T09:23:00.000Z,27.83,43.3,BuildingA_Floor2,TypeA
1015,2025-04-08T18:46:21.000Z,27.61,64.2,BuildingB_Floor1,TypeB
1052,2025-04-07T11:08:03.000Z,31.92,46.48,BuildingA_Floor1,TypeB
1097,2025-04-09T02:11:49.000Z,28.71,36.07,BuildingA_Floor2,TypeA
1027,2025-04-05T14:51:15.000Z,27.76,60.87,BuildingA_Floor2,TypeA
1010,2025-04-08T13:01:18.000Z,27.54,35.25,BuildingA_Floor2,TypeA
1070,2025-04-08T18:43:42.000Z,22.09,70.78,BuildingB_Floor2,TypeC
1047,2025-04-06T14:09:29.000Z,20.26,63.45,BuildingA_Floor1,TypeA
1085,2025-04-10T13:50:30.000Z,19.59,62.06,BuildingA_Floor1,TypeB
1003,2025-04-06T08:25:15.000Z,28.11,54.38,BuildingB_Floor1,TypeB
1089,2025-04-06T02:21:51.000Z,15.76,47.94,BuildingA_Floor1,TypeA
1100,2025-04-08T13:34:56.000Z,32.22,32.32,BuildingB_Floor2,TypeB
1068,2025-04-06T15:09:50.000Z,26.38,43.99,BuildingA_Floor2,TypeC
1073,2025-04-06T11:21:03.000Z,16.09,41.45,BuildingB_Floor2,TypeA
1040,2025-04-07T03:21:12.000Z,32.65,39.88,BuildingA_Floor1,TypeB
1046,2025-04-07T06:03:59.000Z,32.18,56.17,BuildingB_Floor1,TypeB
1075,2025-04-08T00:24:32.000Z,34.88,47.58,BuildingB_Floor1,TypeB
1002,2025-04-07T11:16:36.000Z,18.72,47.72,BuildingB_Floor1,TypeC
1043,2025-04-05T22:13:16.000Z,18.65,68.3,BuildingA_Floor1,TypeA
1035,2025-04-10T03:05:01.000Z,18.41,40.07,BuildingA_Floor1,TypeB
1031,2025-04-10T13:26:57.000Z,28.89,62.5,BuildingB_Floor1,TypeB
1081,2025-04-07T12:12:04.000Z,16.19,46.3,BuildingA_Floor2,TypeC
1047,2025-04-08T17:28:28.000Z,16.4,52.82,BuildingA_Floor2,TypeC
1000,2025-04-08T05:15:46.000Z,15.68,31.52,BuildingB_Floor1,TypeC
1021,2025-04-10T01:58:43.000Z,21.99,49.04,BuildingB_Floor2,TypeA
1080,2025-04-07T19:39:43.000Z,26.74,30.68,BuildingB_Floor2,TypeB
1012,2025-04-08T06:07:35.000Z,23.03,58.12,BuildingB_Floor2,TypeC
1090,2025-04-09T12:02:40.000Z,25.57,54.84,BuildingB_Floor1,TypeC
1067,2025-04-09T15:23:35.000Z,19.1,70.35,BuildingB_Floor2,TypeC
1038,2025-04-09T09:45:49.000Z,20.36,62.57,BuildingA_Floor1,TypeB
1077,2025-04-09T07:11:46.000Z,30.29,37.14,BuildingA_Floor2,TypeA
1012,2025-04-09T14:13:50.000Z,20.4,36.54,BuildingB_Floor1,TypeC
1097,2025-04-06T16:14:45.000Z,31.58,65.89,BuildingA_Floor2,TypeC
1066,2025-04-10T01:08:30.000Z,30.87,50.23,BuildingB_Floor2,TypeB
1071,2025-04-09T12:12:56.000Z,26.47,46.45,BuildingA_Floor1,TypeC
1055,2025-04-05T15:04:25.000Z,31.03,54.6,BuildingB_Floor1,TypeA
1098,2025-04-09T00:34:51.000Z,23.36,58.86,BuildingB_Floor1,TypeC
1005,2025-04-07T22:26:06.000Z,24.95,70.76,BuildingB_Floor1,TypeA
1034,2025-04-06T23:55:39.000Z,27.29,46.87,BuildingB_Floor2,TypeB
1071,2025-04-09T06:35:18.000Z,16.54,59.65,BuildingA_Floor2,TypeB
1005,2025-04-06T21:14:18.000Z,15.92,41.49,BuildingB_Floor2,TypeC
1087,2025-04-09T23:48:54.000Z,29.52,52.69,BuildingA_Floor1,TypeA
1002,2025-04-10T02:04:05.000Z,18.69,71.19,BuildingB_Floor1,TypeA
1024,2025-04-06T20:44:12.000Z,22.36,72.84,BuildingA_Floor1,TypeC
1068,2025-04-08T00:31:59.000Z,20.48,50.76,BuildingA_Floor1,TypeB
1034,2025-04-07T22:05:56.000Z,30.93,41.27,BuildingB_Floor2,TypeA
1031,2025-04-05T17:27:52.000Z,24.49,79.98,BuildingB_Floor2,TypeC
1080,2025-04-07T17:02:06.000Z,17.78,74.5,BuildingB_Floor2,TypeB
1060,2025-04-07T16:40:42.000Z,25.52,64.1,BuildingB_Floor2,TypeA
1091,2025-04-09T20:04:56.000Z,23.22,71.54,BuildingA_Floor1,TypeC
1056,2025-04-07T12:01:01.000Z,26.58,77.07,BuildingA_Floor1,TypeA
1027,2025-04-08T05:21:44.000Z,18.35,64.15,BuildingA_Floor2,TypeB
1095,2025-04-06T19:27:36.000Z,33.19,53.26,BuildingA_Floor1,TypeC
1048,2025-04-06T01:32:23.000Z,15.24,50.41,BuildingA_Floor2,TypeA
1052,2025-04-06T22:07:11.000Z,28.8,54.21,BuildingA_Floor1,TypeC
1097,2025-04-09T12:34:08.000Z,24.13,43.52,BuildingA_Floor2,TypeC
1029,2025-04-05T20:05:00.000Z,29.65,78.99,BuildingB_Floor1,TypeC
1044,2025-04-07T20:44:02.000Z,24.63,57.94,BuildingB_Floor1,TypeB
1055,2025-04-07T13:26:53.000Z,32.29,74.0,BuildingB_Floor2,TypeC
1033,2025-04-08T16:11:52.000Z,30.87,55.04,BuildingB_Floor2,TypeC
1052,2025-04-10T01:07:34.000Z,26.45,71.84,BuildingB_Floor2,TypeA
1041,2025-04-06T14:43:20.000Z,16.57,79.05,BuildingA_Floor2,TypeA
1080,2025-04-05T23:24:05.000Z,18.25,38.85,BuildingA_Floor2,TypeB
1035,2025-04-06T14:23:17.000Z,16.57,54.44,BuildingB_Floor1,TypeC
1021,2025-04-06T08:46:09.000Z,31.78,69.42,BuildingA_Floor2,TypeB
1068,2025-04-10T04:39:41.000Z,29.91,54.52,BuildingB_Floor1,TypeB
1079,2025-04-10T14:23:41.000Z,29.98,38.6,BuildingB_Floor1,TypeA
1040,2025-04-06T01:55:25.000Z,32.62,79.21,BuildingB_Floor2,TypeC
1097,2025-04-09T03:30:42.000Z,28.31,50.83,BuildingA_Floor2,TypeC
1091,2025-04-09T17:41:36.000Z,27.46,55.8,BuildingA_Floor1,TypeB
1094,2025-04-10T11:56:01.000Z,34.87,62.1,BuildingB_Floor2,TypeC
1029,2025-04-08T22:52:40.000Z,15.8,40.68,BuildingA_Floor2,TypeC
1077,2025-04-06T17:15:47.000Z,34.48,52.72,BuildingB_Floor2,TypeA
1033,2025-04-05T17:34:07.000Z,26.34,48.25,BuildingA_Floor1,TypeC
1093,2025-04-06T03:17:22.000Z,15.86,75.6,BuildingA_Floor2,TypeA
1035,2025-04-07T12:56:54.000Z,23.95,75.34,BuildingB_Floor1,TypeC
1045,2025-04-06T18:37:35.000Z,17.64,64.47,BuildingB_Floor1,TypeC
1046,2025-04-06T07:39:51.000Z,28.55,57.34,BuildingA_Floor1,TypeA
1036,2025-04-07T03:48:13.000Z,18.35,73.86,BuildingA_Floor1,TypeB
1064,2025-04-08T02:25:23.000Z,15.79,65.75,BuildingA_Floor2,TypeA
1059,2025-04-06T14:12:53.000Z,32.66,38.84,BuildingB_Floor2,TypeB
1070,2025-04-07T18:02:00.000Z,30.02,31.28,BuildingB_Floor2,TypeC
1043,2025-04-10T02:48:10.000Z,30.7,77.48,BuildingB_Floor2,TypeC
1058,2025-04-08T13:58:39.000Z,20.99,45.4,BuildingA_Floor1,TypeB
1017,2025-04-07T22:59:52.000Z,26.0,64.43,BuildingA_Floor2,TypeC
1007,2025-04-07T10:07:10.000Z,20.79,65.14,BuildingA_Floor2,TypeA
1024,2025-04-07T16:25:10.000Z,19.79,59.69,BuildingB_Floor2,TypeC
1034,2025-04-08T23:29:30.000Z,24.8,38.48,BuildingB_Floor2,TypeA
1013,2025-04-06T08:04:36.000Z,26.34,43.79,BuildingB_Floor1,TypeB
1040,2025-04-10T06:32:43.000Z,17.94,72.24,BuildingA_Floor1,TypeC
1081,2025-04-05T15:52:41.000Z,25.22,39.39,BuildingB_Floor2,TypeB
1016,2025-04-09T00:27:34.000Z,30.48,49.24,BuildingA_Floor2,TypeC
1056,2025-04-05T17:11:13.000Z,20.73,59.19,BuildingA_Floor2,TypeA
1031,2025-04-07T20:56:10.000Z,28.67,56.91,BuildingA_Floor1,TypeC
1084,2025-04-10T03:26:40.000Z,22.37,68.05,BuildingA_Floor2,TypeA
1064,2025-04-09T19:31:14.000Z,22.58,62.96,BuildingB_Floor2,TypeB
1011,2025-04-05T22:59:50.000Z,16.05,61.0,BuildingB_Floor2,TypeB
1001,2025-04-05T14:58:11.000Z,19.47,46.77,BuildingB_Floor1,TypeC
1046,2025-04-07T08:35:20.000Z,28.28,47.47,BuildingB_Floor2,TypeC
1099,2025-04-09T04:25:35.000Z,21.86,44.86,BuildingB_Floor1,TypeB
1096,2025-04-10T07:29:34.000Z,24.69,57.37,BuildingA_Floor2,TypeA
1041,2025-04-10T07:31:24.000Z,30.8,78.62,BuildingB_Floor2,TypeB
1073,2025-04-07T05:15:07.000Z,19.98,51.6,BuildingA_Floor2,TypeC
1077,2025-04-10T14:20:53.000Z,24.73,79.07,BuildingB_Floor1,TypeC
1068,2025-04-08T00:49:00.000Z,17.7,44.16,BuildingB_Floor2,TypeC
1045,2025-04-09T14:02:26.000Z,18.31,77.39,BuildingA_Floor1,TypeB
1014,2025-04-06T06:49:54.000Z,21.33,41.37,BuildingA_Floor2,TypeB
1004,2025-04-08T07:33:55.000Z,26.11,37.98,BuildingB_Floor2,TypeA
1018,2025-04-08T03:11:48.000Z,19.49,58.26,BuildingA_Floor1,TypeA
1083,2025-04-07T03:14:17.000Z,26.58,57.04,BuildingA_Floor1,TypeC
1093,2025-04-10T10:45:49.000Z,32.34,37.63,BuildingA_Floor2,TypeC
1065,2025-04-10T13:52:06.000Z,18.09,47.05,BuildingA_Floor1,TypeA
1051,2025-04-07T05:21:54.000Z,22.53,75.07,BuildingA_Floor1,TypeA
1004,2025-04-06T04:28:38.000Z,15.13,33.85,BuildingB_Floor2,TypeA
1007,2025-04-06T01:58:04.000Z,24.3,59.28,BuildingB_Floor1,TypeC
1046,2025-04-07T08:39:46.000Z,29.26,63.78,BuildingB_Floor1,TypeC
1017,2025-04-09T18:57:59.000Z,34.69,57.49,BuildingA_Floor1,TypeC
1034,2025-04-07T21:50:09.000Z,27.66,52.92,BuildingA_Floor2,TypeA
1044,2025-04-10T08:27:23.000Z,29.32,58.33,BuildingB_Floor1,TypeC
1007,2025-04-07T10:17:54.000Z,15.72,78.73,BuildingB_Floor1,TypeB
1081,2025-04-08T23:21:00.000Z,17.49,59.29,BuildingA_Floor1,TypeC
1003,2025-04-09T19:58:16.000Z,34.59,73.87,BuildingA_Floor2,TypeB
1060,2025-04-08T20:16:19.000Z,21.31,40.84,BuildingB_Floor1,TypeA
1027,2025-04-08T05:48:31.000Z,24.08,54.3,BuildingB_Floor1,TypeB
1079,2025-04-07T04:20:51.000Z,21.21,70.38,BuildingB_Floor1,TypeA
1051,2025-04-06T10:39:44.000Z,18.81,74.52,BuildingB_Floor2,TypeB
1074,2025-04-08T21:30:38.000Z,26.99,71.43,BuildingB_Floor1,TypeB
1007,2025-04-09T04:39:30.000Z,21.58,46.61,BuildingB_Floor1,TypeA
1006,2025-04-07T17:10:22.000Z,23.67,44.55,BuildingB_Floor2,TypeC
1053,2025-04-09T18:24:42.000Z,26.61,43.19,BuildingB_Floor1,TypeB
1078,2025-04-07T21:15:04.000Z,18.89,52.69,BuildingB_Floor2,TypeB
1092,2025-04-07T22:31:11.000Z,24.69,70.86,BuildingB_Floor2,TypeC
1025,2025-04-08T19:06:21.000Z,34.79,31.36,BuildingB_Floor2,TypeC
1022,2025-04-07T22:45:41.000Z,20.81,77.64,BuildingA_Floor2,TypeC
1088,2025-04-05T16:53:03.000Z,19.03,69.51,BuildingB_Floor2,TypeB
1083,2025-04-06T17:20:56.000Z,23.81,76.32,BuildingB_Floor2,TypeB
1057,2025-04-07T15:07:45.000Z,27.85,76.12,BuildingB_Floor2,TypeB
1025,2025-04-07T14:48:10.000Z,25.76,61.53,BuildingB_Floor2,TypeA
1077,2025-04-07T20:22:27.000Z,25.74,39.67,BuildingA_Floor1,TypeB
1047,2025-04-09T23:15:30.000Z,26.77,52.14,BuildingA_Floor1,TypeA
1077,2025-04-08T19:15:40.000Z,32.8,32.49,BuildingA_Floor2,TypeC
1069,2025-04-07T08:27:33.000Z,27.94,76.24,BuildingA_Floor1,TypeA
1053,2025-04-08T11:54:51.000Z,25.12,54.55,BuildingA_Floor1,TypeC
1030,2025-04-05T16:43:18.000Z,33.86,35.5,BuildingB_Floor1,TypeB
1072,2025-04-09T08:38:28.000Z,19.24,51.75,BuildingB_Floor1,TypeA
1045,2025-04-08T20:51:05.000Z,21.6,43.25,BuildingB_Floor1,TypeB
1035,2025-04-09T07:07:43.000Z,17.49,32.76,BuildingB_Floor2,TypeA
1044,2025-04-10T06:08:30.000Z,21.83,52.89,BuildingA_Floor2,TypeB
1021,2025-04-08T20:40:02.000Z,22.41,68.68,BuildingB_Floor1,TypeA
1045,2025-04-08T07:07:25.000Z,31.29,76.6,BuildingB_Floor2,TypeA
1028,2025-04-07T07:07:48.000Z,31.83,36.62,BuildingB_Floor1,TypeC
1005,2025-04-09T21:52:02.000Z,26.54,53.73,BuildingA_Floor1,TypeA
1096,2025-04-08T06:31:06.000Z,19.11,79.75,BuildingA_Floor1,TypeB
1057,2025-04-07T00:29:10.000Z,23.11,52.26,BuildingA_Floor2,TypeA
1077,2025-04-09T04:18:24.000Z,27.72,62.43,BuildingB_Floor1,TypeA
1042,2025-04-09T13:41:38.000Z,27.46,62.12,BuildingA_Floor2,TypeC
1076,2025-04-09T22:14:13.000Z,16.84,58.69,BuildingB_Floor2,TypeB
1030,2025-04-06T20:56:05.000Z,17.98,49.16,BuildingA_Floor1,TypeA
1009,2025-04-07T22:17:56.000Z,28.87,36.2,BuildingB_Floor1,TypeC
1078,2025-04-10T12:55:41.000Z,26.36,42.36,BuildingA_Floor2,TypeB
1093,2025-04-09T12:02:42.000Z,30.86,59.84,BuildingB_Floor2,TypeC
1044,2025-04-06T09:17:36.000Z,16.02,44.63,BuildingB_Floor2,TypeB
1061,2025-04-08T17:14:00.000Z,27.41,33.52,BuildingA_Floor1,TypeA
1080,2025-04-08T01:13:46.000Z,33.96,52.08,BuildingB_Floor2,TypeB
1076,2025-04-06T03:11:21.000Z,20.72,38.93,BuildingB_Floor2,TypeB
1055,2025-04-08T03:50:56.000Z,26.97,33.9,BuildingB_Floor2,TypeC
1039,2025-04-06T12:08:46.000Z,28.96,58.59,BuildingB_Floor1,TypeA
1078,2025-04-08T13:27:05.000Z,18.93,44.54,BuildingB_Floor1,TypeA
1050,2025-04-06T20:14:38.000Z,25.25,49.08,BuildingB_Floor1,TypeB
1002,2025-04-08T12:36:42.000Z,22.53,50.44,BuildingB_Floor2,TypeB
1014,2025-04-06T22:34:41.000Z,29.64,79.97,BuildingA_Floor2,TypeB
1085,2025-04-08T22:23:56.000Z,20.9,45.15,BuildingA_Floor1,TypeA
1059,2025-04-08T09:49:50.000Z,32.89,36.85,BuildingB_Floor1,TypeC
1061,2025-04-09T13:03:08.000Z,15.54,47.29,BuildingB_Floor1,TypeC
1099,2025-04-06T04:57:02.000Z,23.28,62.44,BuildingB_Floor1,TypeB
1039,2025-04-07T06:17:19.000Z,26.64,72.46,BuildingA_Floor1,TypeB
1012,2025-04-07T01:12:10.000Z,32.58,68.49,BuildingA_Floor2,TypeB
1066,2025-04-09T04:23:24.000Z,17.82,55.87,BuildingA_Floor1,TypeB
1070,2025-04-06T10:05:22.000Z,32.14,69.66,BuildingB_Floor1,TypeC
1068,2025-04-08T07:16:43.000Z,24.29,62.67,BuildingA_Floor1,TypeA
1019,2025-04-07T19:26:07.000Z,19.78,53.41,BuildingA_Floor2,TypeB
1026,2025-04-06T17:21:54.000Z,33.06,45.34,BuildingA_Floor1,TypeB
1008,2025-04-10T04:12:16.000Z,19.64,47.63,BuildingA_Floor2,TypeB
1008,2025-04-07T16:18:24.000Z,30.42,49.8,BuildingB_Floor2,TypeC
1023,2025-04-05T23:38:08.000Z,16.91,62.43,BuildingB_Floor1,TypeA
1070,2025-04-10T03:00:44.000Z,16.13,42.52,BuildingA_Floor1,TypeA
1052,2025-04-07T21:47:51.000Z,23.62,75.31,BuildingB_Floor2,TypeA
1091,2025-04-07T08:02:59.000Z,23.19,61.3,BuildingA_Floor2,TypeA
1064,2025-04-05T15:45:11.000Z,33.08,35.17,BuildingB_Floor1,TypeB
1058,2025-04-07T07:33:15.000Z,17.73,55.19,BuildingA_Floor2,TypeC
1074,2025-04-08T06:20:34.000Z,22.83,58.93,BuildingB_Floor1,TypeB
1062,2025-04-09T05:36:14.000Z,17.64,30.53,BuildingA_Floor1,TypeC
1001,2025-04-05T22:02:35.000Z,34.9,63.04,BuildingB_Floor1,TypeB
1081,2025-04-09T10:51:42.000Z,15.43,39.98,BuildingB_Floor1,TypeA
1023,2025-04-09T16:20:31.000Z,22.63,53.2,BuildingA_Floor1,TypeB
1098,2025-04-08T17:29:07.000Z,30.3,50.22,BuildingA_Floor2,TypeA
1039,2025-04-08T13:35:45.000Z,19.48,47.95,BuildingA_Floor2,TypeB
1027,2025-04-07T09:20:38.000Z,27.48,56.98,BuildingB_Floor2,TypeB
1086,2025-04-05T22:53:21.000Z,20.41,39.21,BuildingA_Floor1,TypeB
1058,2025-04-07T21:57:49.000Z,31.1,35.81,BuildingA_Floor1,TypeC
1037,2025-04-08T10:19:50.000Z,19.54,60.65,BuildingB_Floor2,TypeA
1027,2025-04-09T04:06:36.000Z,16.46,54.35,BuildingB_Floor2,TypeA
1071,2025-04-08T21:42:51.000Z,24.18,34.11,BuildingA_Floor2,TypeB
1019,2025-04-08T11:38:59.000Z,33.98,33.4,BuildingA_Floor2,TypeC
1098,2025-04-08T12:44:06.000Z,30.6,79.6,BuildingA_Floor2,TypeB
1089,2025-04-09T02:25:16.000Z,19.33,64.13,BuildingB_Floor2,TypeB
1016,2025-04-06T01:14:24.000Z,25.19,77.11,BuildingA_Floor2,TypeA
1050,2025-04-05T20:03:50.000Z,29.43,58.82,BuildingB_Floor1,TypeA
1085,2025-04-07T15:39:07.000Z,19.81,55.54,BuildingB_Floor2,TypeC
1057,2025-04-08T23:14:57.000Z,33.29,52.83,BuildingB_Floor2,TypeC
1040,2025-04-09T11:55:25.000Z,31.84,41.7,BuildingB_Floor2,TypeA
1071,2025-04-06T00:41:32.000Z,28.11,62.23,BuildingB_Floor2,TypeA
1048,2025-04-07T06:14:41.000Z,15.71,70.2,BuildingB_Floor1,TypeB
1082,2025-04-05T20:41:00.000Z,25.9,46.54,BuildingA_Floor1,TypeB
1087,2025-04-09T02:42:07.000Z,34.89,33.54,BuildingA_Floor2,TypeC
1061,2025-04-07T15:00:41.000Z,34.29,74.0,BuildingA_Floor2,TypeC
1020,2025-04-10T00:57:52.000Z,25.32,58.57,BuildingB_Floor2,TypeB
1060,2025-04-06T14:39:32.000Z,20.82,39.5,BuildingA_Floor1,TypeC
1036,2025-04-06T09:10:33.000Z,25.35,79.02,BuildingB_Floor2,TypeB
1065,2025-04-08T16:16:19.000Z,33.09,69.74,BuildingB_Floor2,TypeC
1036,2025-04-09T09:03:53.000Z,28.49,52.19,BuildingB_Floor2,TypeC
1068,2025-04-07T10:17:37.000Z,26.13,45.62,BuildingB_Floor1,TypeA
1097,2025-04-10T10:10:50.000Z,27.25,61.55,BuildingB_Floor1,TypeC
1087,2025-04-08T16:58:59.000Z,19.17,66.19,BuildingB_Floor1,TypeB
1014,2025-04-05T22:25:21.000Z,31.18,69.81,BuildingA_Floor2,TypeC
1032,2025-04-10T07:27:35.000Z,23.2,52.36,BuildingB_Floor2,TypeA
1051,2025-04-05T21:19:06.000Z,30.27,79.98,BuildingA_Floor1,TypeC
1011,2025-04-10T02:39:32.000Z,18.42,70.18,BuildingA_Floor1,TypeB
1022,2025-04-06T00:44:19.000Z,17.7,73.18,BuildingB_Floor2,TypeA
1013,2025-04-08T20:00:47.000Z,20.83,67.79,BuildingB_Floor2,TypeC
1088,2025-04-05T18:28:25.000Z,31.32,63.88,BuildingB_Floor2,TypeB
1039,2025-04-08T18:16:58.000Z,33.19,78.54,BuildingB_Floor1,TypeB
1098,2025-04-09T12:33:42.000Z,18.84,45.21,BuildingB_Floor1,TypeA
1095,2025-04-09T12:09:31.000Z,34.08,34.69,BuildingB_Floor1,TypeB
1070,2025-04-08T18:03:53.000Z,26.66,68.8,BuildingA_Floor2,TypeC
1010,2025-04-07T18:05:17.000Z,34.88,70.74,BuildingA_Floor2,TypeA
1045,2025-04-06T02:09:12.000Z,33.33,57.66,BuildingA_Floor1,TypeB
1025,2025-04-08T03:48:04.000Z,32.01,62.84,BuildingB_Floor2,TypeB
1091,2025-04-09T03:19:05.000Z,34.04,76.25,BuildingB_Floor1,TypeA
1056,2025-04-09T01:26:31.000Z,16.36,36.84,BuildingB_Floor1,TypeC
1081,2025-04-07T06:55:17.000Z,19.15,61.21,BuildingB_Floor2,TypeA
1064,2025-04-09T20:04:27.000Z,34.44,67.6,BuildingB_Floor1,TypeC
1097,2025-04-07T03:48:58.000Z,25.18,72.97,BuildingB_Floor1,TypeA
1095,2025-04-06T00:55:46.000Z,26.97,57.21,BuildingB_Floor1,TypeA
1010,2025-04-08T00:11:25.000Z,15.87,66.63,BuildingB_Floor1,TypeB
1097,2025-04-09T20:51:18.000Z,21.4,64.32,BuildingA_Floor1,TypeC
1030,2025-04-07T20:05:10.000Z,22.2,73.57,BuildingB_Floor1,TypeB
1055,2025-04-09T02:28:41.000Z,21.49,55.8,BuildingB_Floor2,TypeA
1085,2025-04-07T19:55:40.000Z,25.96,61.34,BuildingB_Floor2,TypeA
1089,2025-04-06T06:58:31.000Z,15.51,62.63,BuildingB_Floor1,TypeA
1051,2025-04-07T16:29:10.000Z,28.58,44.54,BuildingA_Floor1,TypeC
1040,2025-04-05T21:49:32.000Z,29.62,61.91,BuildingA_Floor1,TypeA
1016,2025-04-07T17:18:24.000Z,29.74,69.34,BuildingB_Floor1,TypeA
1087,2025-04-10T06:42:14.000Z,27.77,31.08,BuildingA_Floor2,TypeB
1019,2025-04-06T00:33:46.000Z,16.9,76.71,BuildingB_Floor1,TypeB
1006,2025-04-05T15:54:23.000Z,27.33,69.85,BuildingB_Floor1,TypeB
1032,2025-04-07T19:27:22.000Z,24.58,65.4,BuildingB_Floor2,TypeB
1068,2025-04-07T04:55:58.000Z,15.83,49.14,BuildingA_Floor2,TypeA
1032,2025-04-08T09:46:08.000Z,32.08,75.57,BuildingB_Floor2,TypeB
1017,2025-04-10T06:49:36.000Z,28.57,54.18,BuildingA_Floor2,TypeA
1078,2025-04-08T06:49:04.000Z,27.15,44.61,BuildingA_Floor1,TypeB
1030,2025-04-09T11:22:30.000Z,18.1,52.03,BuildingB_Floor1,TypeA
1091,2025-04-08T00:34:51.000Z,16.09,36.26,BuildingB_Floor1,TypeB
1086,2025-04-08T01:02:07.000Z,21.97,73.93,BuildingA_Floor2,TypeA
1018,2025-04-08T03:50:07.000Z,32.6,30.02,BuildingA_Floor2,TypeC
1042,2025-04-08T03:58:23.000Z,32.32,39.95,BuildingA_Floor1,TypeC
1090,2025-04-06T07:16:51.000Z,27.4,54.35,BuildingB_Floor2,TypeB
1077,2025-04-09T05:02:36.000Z,18.32,32.18,BuildingA_Floor2,TypeB
1042,2025-04-07T05:30:44.000Z,26.68,46.88,BuildingB_Floor1,TypeC
1007,2025-04-10T08:36:03.000Z,23.11,44.02,BuildingA_Floor2,TypeB
1094,2025-04-10T13:56:37.000Z,25.69,37.27,BuildingB_Floor2,TypeB
1066,2025-04-10T03:12:27.000Z,22.4,61.9,BuildingA_Floor2,TypeB
1035,2025-04-07T13:09:42.000Z,17.03,72.4,BuildingA_Floor2,TypeA
1079,2025-04-09T10:45:10.000Z,16.14,42.34,BuildingA_Floor2,TypeC
1038,2025-04-09T08:08:46.000Z,18.06,35.01,BuildingA_Floor1,TypeB
1098,2025-04-07T22:09:40.000Z,30.29,72.52,BuildingA_Floor1,TypeB
1078,2025-04-08T23:36:37.000Z,34.89,46.84,BuildingB_Floor1,TypeC
1041,2025-04-06T16:21:13.000Z,32.77,46.53,BuildingB_Floor2,TypeA
1048,2025-04-08T16:31:15.000Z,24.92,47.25,BuildingB_Floor2,TypeA
1046,2025-04-06T16:14:11.000Z,16.32,54.92,BuildingB_Floor1,TypeB
1099,2025-04-06T05:04:09.000Z,32.49,44.55,BuildingB_Floor2,TypeA
1014,2025-04-08T02:02:46.000Z,15.53,55.9,BuildingA_Floor2,TypeA
1074,2025-04-09T20:20:45.000Z,33.6,33.5,BuildingA_Floor1,TypeB
1005,2025-04-07T11:56:53.000Z,22.05,61.23,BuildingA_Floor1,TypeA
1099,2025-04-08T11:52:52.000Z,15.5,49.19,BuildingA_Floor2,TypeB
1019,2025-04-10T04:38:57.000Z,17.74,30.8,BuildingA_Floor1,TypeB
1100,2025-04-06T21:02:30.000Z,26.98,33.52,BuildingA_Floor2,TypeC
1090,2025-04-05T14:51:46.000Z,27.79,62.9,BuildingB_Floor1,TypeA
1009,2025-04-07T12:28:32.000Z,19.75,56.49,BuildingB_Floor1,TypeA
1033,2025-04-08T02:22:46.000Z,18.39,48.84,BuildingA_Floor2,TypeA
1071,2025-04-08T22:19:47.000Z,28.67,31.23,BuildingB_Floor2,TypeA
1063,2025-04-07T04:01:48.000Z,28.31,38.31,BuildingA_Floor1,TypeA
1033,2025-04-07T22:06:01.000Z,23.49,42.28,BuildingA_Floor1,TypeB
1026,2025-04-06T04:10:07.000Z,32.84,34.98,BuildingA_Floor1,TypeB
1064,2025-04-09T00:05:27.000Z,34.62,46.89,BuildingB_Floor1,TypeA
1045,2025-04-10T02:09:35.000Z,29.86,59.34,BuildingA_Floor2,TypeA
1012,2025-04-10T13:28:09.000Z,27.83,74.43,BuildingB_Floor1,TypeA
1035,2025-04-10T08:30:54.000Z,16.66,34.24,BuildingB_Floor2,TypeA
1070,2025-04-07T08:14:55.000Z,19.41,53.96,BuildingA_Floor2,TypeA
1032,2025-04-07T05:58:33.000Z,27.47,64.05,BuildingA_Floor2,TypeA
1048,2025-04-06T01:00:13.000Z,34.71,66.15,BuildingB_Floor2,TypeC
1085,2025-04-08T05:19:56.000Z,32.97,69.93,BuildingA_Floor1,TypeC
1017,2025-04-09T06:52:42.000Z,16.19,40.42,BuildingB_Floor1,TypeA
1034,2025-04-10T01:33:54.000Z,26.05,57.63,BuildingB_Floor1,TypeA
1056,2025-04-07T10:34:59.000Z,31.3,67.42,BuildingA_Floor2,TypeC
1091,2025-04-10T14:21:34.000Z,34.24,38.34,BuildingB_Floor1,TypeA
1039,2025-04-07T18:19:13.000Z,25.54,43.46,BuildingB_Floor2,TypeB
1060,2025-04-07T03:43:21.000Z,33.83,41.96,BuildingA_Floor1,TypeC
1025,2025-04-07T19:24:13.000Z,23.01,73.58,BuildingB_Floor1,TypeC
1054,2025-04-10T14:25:19.000Z,15.87,38.06,BuildingA_Floor2,TypeC
1077,2025-04-06T15:48:14.000Z,20.11,67.62,BuildingA_Floor2,TypeB
1074,2025-04-10T12:11:41.000Z,34.34,46.59,BuildingB_Floor2,TypeC
1048,2025-04-10T03:02:20.000Z,34.36,33.21,BuildingA_Floor1,TypeC
1079,2025-04-06T10:21:21.000Z,23.42,31.86,BuildingA_Floor2,TypeA
1098,2025-04-07T14:35:43.000Z,34.76,53.43,BuildingB_Floor2,TypeA
1025,2025-04-06T16:13:28.000Z,32.33,62.07,BuildingA_Floor1,TypeC
1063,2025-04-10T11:21:36.000Z,24.31,77.05,BuildingB_Floor1,TypeA
1083,2025-04-06T10:42:13.000Z,19.53,67.44,BuildingA_Floor2,TypeC
1081,2025-04-08T09:56:09.000Z,32.92,77.87,BuildingB_Floor2,TypeC
1022,2025-04-09T05:23:48.000Z,28.01,61.55,BuildingA_Floor1,TypeC
1076,2025-04-09T12:24:26.000Z,33.98,65.74,BuildingB_Floor2,TypeA
1038,2025-04-10T04:37:46.000Z,20.48,78.85,BuildingA_Floor2,TypeB
1060,2025-04-07T02:43:46.000Z,27.71,76.27,BuildingB_Floor2,TypeB
1069,2025-04-10T04:26:20.000Z,34.88,79.12,BuildingB_Floor2,TypeA
1011,2025-04-08T07:24:11.000Z,31.4,42.12,BuildingB_Floor1,TypeA
1022,2025-04-07T03:34:50.000Z,18.45,46.9,BuildingA_Floor2,TypeC
1002,2025-04-10T04:05:16.000Z,32.62,75.71,BuildingA_Floor2,TypeC
1066,2025-04-10T11:27:20.000Z,19.14,39.01,BuildingA_Floor2,TypeA
1081,2025-04-06T14:33:08.000Z,17.8,45.04,BuildingA_Floor1,TypeB
1016,2025-04-09T16:08:34.000Z,19.07,41.53,BuildingA_Floor1,TypeB
1001,2025-04-10T01:40:24.000Z,27.82,69.53,BuildingB_Floor1,TypeC
1062,2025-04-09T03:28:03.000Z,29.06,73.01,BuildingA_Floor1,TypeA
1081,2025-04-08T09:38:40.000Z,19.25,41.28,BuildingA_Floor1,TypeA
1096,2025-04-09T00:18:33.000Z,26.33,31.46,BuildingB_Floor2,TypeC
1013,2025-04-10T09:02:31.000Z,15.14,74.47,BuildingB_Floor1,TypeB
1072,2025-04-07T14:35:10.000Z,18.3,75.8,BuildingA_Floor2,TypeA
1043,2025-04-09T23:39:29.000Z,32.84,70.92,BuildingA_Floor2,TypeB
1086,2025-04-10T14:14:07.000Z,20.62,47.18,BuildingB_Floor2,TypeB
1073,2025-04-06T08:47:41.000Z,18.32,30.28,BuildingB_Floor2,TypeB
1084,2025-04-06T04:14:04.000Z,25.65,40.47,BuildingA_Floor2,TypeC
1069,2025-04-09T11:09:59.000Z,23.54,31.93,BuildingA_Floor2,TypeC
1041,2025-04-06T16:55:13.000Z,28.9,42.03,BuildingB_Floor1,TypeB
1057,2025-04-07T11:12:18.000Z,16.1,32.66,BuildingB_Floor1,TypeA
1048,2025-04-06T14:50:03.000Z,32.03,70.59,BuildingA_Floor2,TypeA
1023,2025-04-07T01:09:39.000Z,23.85,63.23,BuildingA_Floor2,TypeC
1023,2025-04-05T15:21:54.000Z,25.69,30.79,BuildingB_Floor1,TypeB
1089,2025-04-09T20:01:29.000Z,33.43,59.66,BuildingB_Floor1,TypeC
1064,2025-04-06T15:26:36.000Z,21.63,43.38,BuildingA_Floor1,TypeA
1097,2025-04-09T22:41:07.000Z,26.95,78.71,BuildingA_Floor1,TypeA
1090,2025-04-06T10:17:11.000Z,22.75,56.91,BuildingA_Floor2,TypeA
1076,2025-04-07T11:54:57.000Z,28.67,62.55,BuildingB_Floor1,TypeB
1028,2025-04-06T09:16:50.000Z,18.77,43.92,BuildingB_Floor2,TypeA
1069,2025-04-08T18:27:26.000Z,16.6,58.65,BuildingA_Floor2,TypeC
1048,2025-04-09T11:27:27.000Z,34.43,35.74,BuildingA_Floor2,TypeB
1036,2025-04-06T10:34:07.000Z,15.35,45.8,BuildingA_Floor2,TypeA
1069,2025-04-10T06:45:50.000Z,24.4,59.76,BuildingB_Floor2,TypeB
1034,2025-04-10T12:41:54.000Z,21.33,69.17,BuildingA_Floor1,TypeB
1009,2025-04-08T08:56:55.000Z,19.34,67.01,BuildingA_Floor1,TypeB
1036,2025-04-10T07:54:15.000Z,20.41,57.8,BuildingA_Floor1,TypeA
1067,2025-04-08T22:51:30.000Z,28.38,38.43,BuildingB_Floor1,TypeB
1061,2025-04-06T13:57:51.000Z,30.28,50.06,BuildingA_Floor2,TypeB
1033,2025-04-08T04:41:37.000Z,20.68,43.64,BuildingB_Floor2,TypeB
1073,2025-04-05T17:30:05.000Z,24.03,49.51,BuildingB_Floor2,TypeC
1063,2025-04-10T14:08:19.000Z,24.66,51.18,BuildingA_Floor2,TypeA
1039,2025-04-08T18:52:33.000Z,23.35,31.16,BuildingA_Floor1,TypeB
1012,2025-04-07T14:28:07.000Z,19.12,51.12,BuildingB_Floor1,TypeB
1044,2025-04-06T16:30:39.000Z,31.06,76.39,BuildingA_Floor1,TypeA
1079,2025-04-08T14:22:19.000Z,23.92,59.01,BuildingA_Floor1,TypeB
1041,2025-04-07T12:59:16.000Z,28.18,45.98,BuildingB_Floor2,TypeB
1049,2025-04-08T12:59:30.000Z,15.34,58.64,BuildingA_Floor1,TypeB
1010,2025-04-07T19:43:41.000Z,33.37,74.25,BuildingA_Floor1,TypeB
1058,2025-04-06T05:22:55.000Z,22.3,52.08,BuildingB_Floor1,TypeC
1030,2025-04-05T16:15:27.000Z,27.76,57.61,BuildingB_Floor2,TypeC
1044,2025-04-08T04:11:58.000Z,20.69,68.9,BuildingB_Floor2,TypeC
1070,2025-04-06T22:34:26.000Z,23.14,36.27,BuildingB_Floor1,TypeA
1099,2025-04-05T22:50:43.000Z,26.12,30.01,BuildingB_Floor2,TypeA
1016,2025-04-05T22:49:41.000Z,26.22,68.91,BuildingA_Floor2,TypeB
1090,2025-04-06T08:04:47.000Z,19.31,40.21,BuildingA_Floor2,TypeA
1070,2025-04-06T06:08:07.000Z,22.84,36.01,BuildingA_Floor2,TypeA
1073,2025-04-08T16:58:37.000Z,28.98,61.74,BuildingA_Floor2,TypeA
1026,2025-04-06T04:47:32.000Z,28.09,69.47,BuildingA_Floor1,TypeB
1089,2025-04-09T19:15:33.000Z,24.33,64.95,BuildingA_Floor2,TypeA
1032,2025-04-10T02:46:37.000Z,15.28,44.39,BuildingB_Floor1,TypeA
1061,2025-04-06T16:14:08.000Z,21.48,40.29,BuildingA_Floor2,TypeB
1036,2025-04-10T11:29:47.000Z,15.88,53.49,BuildingB_Floor1,TypeC
1065,2025-04-09T19:57:23.000Z,18.91,58.92,BuildingB_Floor1,TypeB
1019,2025-04-09T20:05:12.000Z,31.37,41.25,BuildingA_Floor1,TypeA
1013,2025-04-08T19:08:39.000Z,21.69,66.03,BuildingA_Floor2,TypeC
1024,2025-04-08T12:35:26.000Z,30.22,62.16,BuildingA_Floor1,TypeC
1016,2025-04-09T18:24:04.000Z,19.47,42.12,BuildingA_Floor1,TypeC
1005,2025-04-07T01:57:07.000Z,21.96,37.62,BuildingA_Floor1,TypeA
1001,2025-04-06T14:31:08.000Z,28.03,43.81,BuildingB_Floor1,TypeA
1058,2025-04-08T17:43:57.000Z,33.1,38.11,BuildingB_Floor1,TypeB
1026,2025-04-09T07:59:55.000Z,34.99,57.54,BuildingA_Floor2,TypeC
1060,2025-04-08T04:50:24.000Z,28.99,53.0,BuildingB_Floor2,TypeA
1051,2025-04-06T13:53:48.000Z,27.62,49.06,BuildingB_Floor1,TypeB
